alpha,mach,ci_reference,ci_pinn,ci_abs_err
0.05,0.0,0.9146538208662657,0.90522313,0.009430689686456106
0.06333333333333334,0.0,0.8932777895214544,0.88685715,0.006420637536285967
0.07666666666666666,0.0,0.8722475081367052,0.8685717,0.0036758094710862554
0.09,0.0,0.8515629767120177,0.8503761,0.0011868475616271246
0.10333333333333333,0.0,0.8315552300904028,0.8322795,0.000724273255086727
0.11666666666666667,0.0,0.811862508234439,0.8142911,0.0024286113410615373
0.13,0.0,0.7924848111441262,0.79642016,0.0039353458115928275
0.1433333333333333,0.0,0.7736973473739395,0.77867556,0.004978208808921858
0.15666666666666668,0.0,0.7551974302852075,0.7610663,0.005868887273081103
0.16999999999999998,0.0,0.7369850598779304,0.743601,0.006615964272917996
0.18333333333333335,0.0,0.7192963071968337,0.72628844,0.00699213064648907
0.19666666666666666,0.0,0.70185279492309,0.7091368,0.007283989153600623
0.20999999999999996,0.0,0.6846545230566994,0.6921543,0.00749976523523177
0.22333333333333333,0.0,0.6679198775453996,0.6753487,0.007428821547465381
0.23666666666666664,0.0,0.6514322685691903,0.65872735,0.007295079281609218
0.25,0.0,0.6351916961280712,0.64229786,0.007106167832194865
0.2633333333333333,0.0,0.6193429217811687,0.6260665,0.0067235841277973885
0.27666666666666667,0.0,0.6037027615347341,0.6100401,0.0063373666963144615
0.29,0.0,0.5882712153887675,0.5942246,0.0059533567929341835
0.3033333333333333,0.0,0.5732048253467553,0.5786253,0.005420496041489309
0.31666666666666665,0.0,0.5583240392572018,0.5632477,0.004923641406860746
0.32999999999999996,0.0,0.5436288571201071,0.5480961,0.004467263237406316
0.3433333333333333,0.0,0.5293021694628884,0.53317475,0.0038725837261984752
0.35666666666666663,0.0,0.515131054112191,0.51848745,0.0033563993485024035
0.36999999999999994,0.0,0.5011155110680144,0.50403696,0.0029214519179779908
0.3833333333333333,0.0,0.4874040081220752,0.48982587,0.0024218664449566774
0.3966666666666666,0.0,0.4738554086465882,0.47585627,0.002000865719790579
0.41,0.0,0.4604697126415535,0.46212956,0.0016598504516319168
0.4233333333333333,0.0,0.44733711505210316,0.4486465,0.001309370753408312
0.43666666666666665,0.0,0.43435243447875693,0.4354074,0.0010549656524686535
0.44999999999999996,0.0,0.42151567092151493,0.42241192,0.0008962477186217899
0.4633333333333333,0.0,0.4089244441410843,0.40965906,0.0007346137145217702
0.4766666666666666,0.0,0.39646669449954247,0.39714724,0.0006805437550046478
0.48999999999999994,0.0,0.3841424219968894,0.38487425,0.0007318324682137334
0.5033333333333333,0.0,0.3720457573283077,0.3728374,0.0007916371476291983
0.5166666666666666,0.0,0.36005999317885445,0.36103293,0.000972939817895424
0.53,0.0,0.3481851295485295,0.34945682,0.001271687363167906
0.5433333333333333,0.0,0.33652003421738863,0.33810395,0.0015839158062624925
0.5566666666666666,0.0,0.32496963762940567,0.32696873,0.001999091866596525
0.5700000000000001,0.0,0.31353393978458055,0.31604448,0.0025105398239552157
0.5833333333333334,0.0,0.30227310795858214,0.3053237,0.0030505822174279884
0.5966666666666667,0.0,0.2911172758857269,0.29479793,0.003680651255462686
0.61,0.0,0.2800664435660149,0.28445756,0.004391120787927971
0.6233333333333333,0.0,0.2691938441338935,0.27429184,0.005097999041994539
0.6366666666666667,0.0,0.258406593943743,0.26428872,0.005882129525037527
0.65,0.0,0.24770469299556352,0.25443488,0.006730190598949415
0.6633333333333333,0.0,0.23716926949235426,0.24471538,0.007546108196053641
0.6766666666666666,0.0,0.22670943223097867,0.23511417,0.008404739870042144
0.69,0.0,0.21632518121143676,0.22561371,0.00928853205302857
0.7033333333333334,0.0,0.2061236553338203,0.2161954,0.01007174919575124
0.7166666666666667,0.0,0.1959839329005537,0.20684,0.010856060695523279
0.73,0.0,0.18590601391163689,0.19752824,0.011622229153243485
0.7433333333333333,0.0,0.17597700407108427,0.18824212,0.012265118459852925
0.7566666666666667,0.0,0.16611903534016378,0.17896602,0.0128469802371525
0.77,0.0,0.15633210771887554,0.16968869,0.013356579009601938
0.7833333333333333,0.0,0.14668097410958758,0.16040558,0.013724602119507878
0.7966666666666666,0.0,0.13708921216509057,0.1511216,0.014032389297273629
0.8099999999999999,0.0,0.12755682188538447,0.14185351,0.014296689448081101
0.8233333333333334,0.0,0.11813331193759977,0.13263234,0.014499033023566615
0.8366666666666667,0.0,0.10878308778007657,0.123504736,0.014721647749346187
0.85,0.0,0.09950614941281483,0.11453252,0.015026373444374352
0.05,0.025,0.9135384927652322,0.9034632,0.010075307931705635
0.06333333333333334,0.025,0.8921854011580944,0.88518655,0.006998848156690607
0.07666666666666666,0.025,0.8711825282819071,0.8669865,0.0041960151440897375
0.09,0.025,0.8505298741366704,0.8488726,0.0016572721507389643
0.10333333333333333,0.025,0.8305436313423469,0.8308536,0.00030995008618095454
0.11666666666666667,0.025,0.8108728684625814,0.81293863,0.0020657621183206576
0.13,0.025,0.7915175854973742,0.7951368,0.0036192238516858932
0.1433333333333333,0.025,0.77276542738494,0.777457,0.004691571440133213
0.15666666666666668,0.025,0.7542859543089013,0.75990826,0.00562230460604618
0.16999999999999998,0.025,0.7360791662692581,0.742499,0.006419827604338124
0.18333333333333335,0.025,0.7184132035687856,0.72523785,0.006824642805726144
0.19666666666666666,0.025,0.7009946881865343,0.7081333,0.007138592090717877
0.20999999999999996,0.025,0.6838236201225044,0.6911932,0.0073696028770683375
0.22333333333333333,0.025,0.6671146470992432,0.67442554,0.007310895255340566
0.23666666666666664,0.025,0.6506400960603183,0.6578376,0.007197533257919053
0.25,0.025,0.6343999670057293,0.64143676,0.00703678865146673
0.2633333333333333,0.025,0.6185766603110899,0.6252298,0.006653115594519199
0.27666666666666667,0.025,0.6029556237466461,0.6092231,0.006267503618466175
0.29,0.025,0.587536857312398,0.593423,0.005886151606364187
0.3033333333333333,0.025,0.5724863000526693,0.5778348,0.005348484931919306
0.31666666666666665,0.025,0.5576230288029649,0.5624639,0.0048408507823012314
0.32999999999999996,0.025,0.5429470435632848,0.54731494,0.0043678983198023325
0.3433333333333333,0.025,0.5286201182939372,0.5323921,0.0037719663046040797
0.35666666666666663,0.025,0.5144552668569524,0.51769924,0.0032439747812311737
0.36999999999999994,0.025,0.5004524892523304,0.50323945,0.0027869635865672704
0.3833333333333333,0.025,0.48676698855144385,0.48901528,0.002248292648965089
0.3966666666666666,0.025,0.47323222255925534,0.47502887,0.0017966499306738548
0.41,0.025,0.45984819127576504,0.4612818,0.0014336149547800048
0.4233333333333333,0.025,0.4467331462843612,0.44777498,0.001041830207566874
0.43666666666666665,0.025,0.4337623724267565,0.43450868,0.0007463088705457199
0.44999999999999996,0.025,0.42093586970295094,0.4214827,0.0005468423274598289
0.4633333333333333,0.025,0.4083542713485718,0.4086962,0.0003419330753326455
0.4766666666666666,0.025,0.39590327509004675,0.3961476,0.0002443336669722962
0.48999999999999994,0.025,0.3835828809273759,0.38383475,0.0002518685328444237
0.5033333333333333,0.025,0.3714935035183129,0.37175485,0.0002613513992133498
0.5166666666666666,0.025,0.3595149144094,0.35990432,0.0003894046385278793
0.53,0.025,0.34764711360063716,0.3482789,0.0006317963210089594
0.5433333333333333,0.025,0.3359956246086124,0.3368735,0.0008778769306179712
0.5566666666666666,0.025,0.3244483715657984,0.32568222,0.0012338512773717447
0.5700000000000001,0.025,0.31300535447219535,0.31469834,0.0016929840364106052
0.5833333333333334,0.025,0.3017642720536512,0.30391395,0.002149678866453786
0.5966666666666667,0.025,0.29061658239494675,0.29332024,0.0027036561952937244
0.61,0.025,0.27956228549608214,0.28290722,0.003344932244930432
0.6233333333333333,0.025,0.26869132154352904,0.27266356,0.003972241946384902
0.6366666666666667,0.025,0.25791229508678204,0.2625767,0.004664404170114933
0.65,0.025,0.24722520612584148,0.2526325,0.005407292615308423
0.6633333333333333,0.025,0.23668895091993847,0.24281548,0.006126528716253854
0.6766666666666666,0.025,0.22623703973613693,0.23310885,0.006871808597221835
0.69,0.025,0.21586947257443695,0.22349428,0.007624803829943849
0.7033333333333334,0.025,0.20566501040857457,0.21395274,0.008287724657839307
0.7166666666666667,0.025,0.19552747434557016,0.2044648,0.008937318859691068
0.73,0.025,0.18545686438542364,0.1950114,0.009554542751493478
0.7433333333333333,0.025,0.17553870978638964,0.18557552,0.01003680524542494
0.7566666666666667,0.025,0.16567881177017663,0.17614327,0.010464461941027903
0.77,0.025,0.15587717033678467,0.1667065,0.010829332100806888
0.7833333333333333,0.025,0.14623815274394703,0.15726513,0.011026973961222652
0.7966666666666666,0.025,0.13665185298275945,0.14783023,0.011178379995107679
0.8099999999999999,0.025,0.12711827105322193,0.13842596,0.011307690083596
0.8233333333333334,0.025,0.11770489138108918,0.12909226,0.01138736981409362
0.8366666666666667,0.025,0.10835626075757977,0.11988489,0.011528632540569336
0.85,0.025,0.09907237918269364,0.11087446,0.011802079964759668
0.05,0.05,0.9124231646641988,0.90098786,0.011435301123549402
0.06333333333333334,0.05,0.8910930127947344,0.8828114,0.008281585678340364
0.07666666666666666,0.05,0.8701175484271091,0.86470795,0.005409601649765339
0.09,0.05,0.849496771561323,0.8466868,0.0028099911085947005
0.10333333333333333,0.05,0.829532032594291,0.82875687,0.000775163755027064
0.11666666666666667,0.05,0.809883228690724,0.8109269,0.0010436855243638465
0.13,0.05,0.7905503598506222,0.79320616,0.0026557954495182168
0.1433333333333333,0.05,0.7718335073959406,0.7756032,0.003769667767328455
0.15666666666666668,0.05,0.7533744783325952,0.758127,0.004752495773239773
0.16999999999999998,0.05,0.7351732726605859,0.740786,0.005612743326810388
0.18333333333333335,0.05,0.7175300999407375,0.7235888,0.006058724331418297
0.19666666666666666,0.05,0.7001365814499787,0.7065436,0.006407042951113828
0.20999999999999996,0.05,0.6829927171883095,0.6896584,0.006665686208296995
0.22333333333333333,0.05,0.6663094166530867,0.6729411,0.006631672023365898
0.23666666666666664,0.05,0.6498479235514462,0.6563991,0.0065511476651370915
0.25,0.05,0.6336082378833874,0.6400394,0.006431146481694405
0.2633333333333333,0.05,0.6178103988410112,0.6238693,0.006058901047599652
0.27666666666666667,0.05,0.6022084859585581,0.6078949,0.005686411502379363
0.29,0.05,0.5868024992360286,0.59212244,0.005319936333734621
0.3033333333333333,0.05,0.5717677747585833,0.5765577,0.00478992110704779
0.31666666666666665,0.05,0.556922018348728,0.56120574,0.004283726394619158
0.32999999999999996,0.05,0.5422652300064625,0.54607147,0.0038062397773204193
0.3433333333333333,0.05,0.5279380671249859,0.5311591,0.003221035791731608
0.35666666666666663,0.05,0.513779479601714,0.5164724,0.002692919633057733
0.36999999999999994,0.05,0.4997894674366465,0.5020147,0.0022252291614064945
0.3833333333333333,0.05,0.4861299689808125,0.4877887,0.0016587380370860494
0.3966666666666666,0.05,0.47260903647192254,0.47379652,0.0011874801849530714
0.41,0.05,0.4592266699099765,0.46003997,0.0008133033489956532
0.4233333333333333,0.05,0.44612917751661935,0.44651982,0.0003906443656285785
0.43666666666666665,0.05,0.4331723103747562,0.43323666,6.434819839445938e-05
0.44999999999999996,0.05,0.420356068484387,0.42019024,0.00016582357128580583
0.4633333333333333,0.05,0.40778409855605924,0.40737966,0.00040444152595364713
0.4766666666666666,0.05,0.3953398556805511,0.39480358,0.000536272058572318
0.48999999999999994,0.05,0.38302333985786247,0.3824598,0.00056355034332084
0.5033333333333333,0.05,0.37094124970831804,0.3703455,0.00059574661650591
0.5166666666666666,0.05,0.35896983563994556,0.3584571,0.0005127471694865715
0.53,0.05,0.34710909765274484,0.34679008,0.0003190223506208123
0.5433333333333333,0.05,0.3354712149998361,0.33533943,0.0001317880055123899
0.5566666666666666,0.05,0.3239271055021912,0.324099,0.00017189876645501423
0.5700000000000001,0.05,0.3124767691598101,0.3130617,0.0005849450125531841
0.5833333333333334,0.05,0.3012554361487202,0.30221954,0.0009641037320323731
0.5966666666666667,0.05,0.2901158889041666,0.29156312,0.0014472345604177317
0.61,0.05,0.2790581274261494,0.281082,0.002023876882551179
0.6233333333333333,0.05,0.2681887989531645,0.27076444,0.0025756413449159465
0.6366666666666667,0.05,0.25741799622982114,0.260597,0.003178994355506004
0.65,0.05,0.24674571925611946,0.25056505,0.003819332776351242
0.6633333333333333,0.05,0.23620863234752265,0.24065234,0.004443705322803582
0.6766666666666666,0.05,0.2257646472412952,0.23084135,0.00507670629435697
0.69,0.05,0.2154137639374371,0.2211133,0.005699530425584742
0.7033333333333334,0.05,0.20520636548332885,0.21144867,0.006242303950264899
0.7166666666666667,0.05,0.19507101579058667,0.2018281,0.006757091447229191
0.73,0.05,0.18500771485921041,0.19223313,0.0072254154765973855
0.7433333333333333,0.05,0.17510041550169503,0.18264808,0.007547662105459818
0.7566666666666667,0.05,0.16523858820018944,0.17306164,0.007823050870321424
0.77,0.05,0.1554222329546938,0.16346952,0.008047290236758237
0.7833333333333333,0.05,0.14579533137830647,0.15387708,0.008081748108540454
0.7966666666666666,0.05,0.13621449380042833,0.14430225,0.008087755154344622
0.8099999999999999,0.05,0.1266797202210594,0.13477786,0.00809813863228076
0.8233333333333334,0.05,0.1172764708245786,0.12535304,0.008076567486426045
0.8366666666666667,0.05,0.10792943373508297,0.11609288,0.00816344931535877
0.85,0.05,0.09863860895257245,0.107076004,0.008437395194957148
0.05,0.07500000000000001,0.9091020082886185,0.89778924,0.011312768405195683
0.06333333333333334,0.07500000000000001,0.8878489782103124,0.87972313,0.008125846553665661
0.07666666666666666,0.07500000000000001,0.8669506892400811,0.86172694,0.0052237495618889795
0.09,0.07500000000000001,0.8464071413779248,0.84380925,0.002597894361018094
0.10333333333333333,0.07500000000000001,0.8265298906071501,0.82597935,0.000550538609774609
0.11666666666666667,0.07500000000000001,0.8069610938142252,0.80824566,0.0012845650602865133
0.13,0.07500000000000001,0.7877007509991504,0.79061735,0.002916595764460461
0.1433333333333333,0.07500000000000001,0.7690382492582445,0.7731028,0.004064570661341693
0.15666666666666668,0.07500000000000001,0.7506454637149165,0.75571096,0.005065495719592805
0.16999999999999998,0.07500000000000001,0.7325223943691664,0.7384501,0.005927715589482241
0.18333333333333335,0.07500000000000001,0.7149410831286719,0.72132856,0.00638747340895629
0.19666666666666666,0.07500000000000001,0.6976008578763624,0.7043548,0.006753964759288245
0.20999999999999996,0.07500000000000001,0.6805017186122377,0.6875367,0.0070349978489439025
0.22333333333333333,0.07500000000000001,0.6638759941122436,0.6708818,0.007005813691864038
0.23666666666666664,0.07500000000000001,0.6474727214488235,0.65439785,0.0069251238194260045
0.25,0.07500000000000001,0.6312919006219774,0.63809174,0.006799842370423748
0.2633333333333333,0.07500000000000001,0.6155336904741191,0.6219704,0.006436724641237346
0.27666666666666667,0.07500000000000001,0.5999750084343889,0.60604036,0.006065350109007106
0.29,0.07500000000000001,0.5846158545027871,0.5903079,0.005692036866078887
0.3033333333333333,0.07500000000000001,0.5696311224583042,0.5747783,0.005147195946847205
0.31666666666666665,0.07500000000000001,0.554825091429589,0.55945724,0.0046321510592720605
0.32999999999999996,0.07500000000000001,0.5401977614166416,0.54434943,0.004151670574935595
0.3433333333333333,0.07500000000000001,0.525922228777259,0.529459,0.003536770856530036
0.35666666666666663,0.07500000000000001,0.5118061735165642,0.5147901,0.0029839442240668923
0.36999999999999994,0.07500000000000001,0.4978495956345569,0.5003458,0.0024962305144299313
0.3833333333333333,0.07500000000000001,0.4842140824674873,0.4861292,0.001915112030574817
0.3966666666666666,0.07500000000000001,0.47072222958996873,0.47214225,0.0014200197558106864
0.41,0.07500000000000001,0.4573740370020011,0.45838663,0.001012592817868918
0.4233333333333333,0.07500000000000001,0.44431189696546336,0.44486368,0.0005517800593779487
0.43666666666666665,0.07500000000000001,0.43138634102459394,0.43157375,0.00018740756396806724
0.44999999999999996,0.07500000000000001,0.41859736917939283,0.41851673,8.064387765027714e-05
0.4633333333333333,0.07500000000000001,0.4060498401939522,0.40569177,0.00035806749459610376
0.4766666666666666,0.07500000000000001,0.3936328121569109,0.39309743,0.0005353816893053365
0.48999999999999994,0.07500000000000001,0.3813462850682692,0.3807316,0.000614672624345225
0.5033333333333333,0.07500000000000001,0.369279825988278,0.36859146,0.0006883683829160825
0.5166666666666666,0.07500000000000001,0.3573300742362665,0.35667324,0.0006568335746454101
0.53,0.07500000000000001,0.34549702981223435,0.3449725,0.0005245385478910847
0.5433333333333333,0.07500000000000001,0.3338825008485729,0.33348384,0.0003986558530742479
0.5566666666666666,0.07500000000000001,0.3223663182392889,0.32220113,0.0001651854649358797
0.5700000000000001,0.07500000000000001,0.3109484819843823,0.31111684,0.00016836243128237616
0.5833333333333334,0.07500000000000001,0.29973122810051334,0.3002226,0.0004913773663293153
0.5966666666666667,0.07500000000000001,0.28860774083592267,0.28950867,0.0009009297325435206
0.61,0.07500000000000001,0.27757802019061023,0.2789641,0.0013860820776087635
0.6233333333333333,0.07500000000000001,0.26672682410393733,0.2685765,0.0018496786960504608
0.6366666666666667,0.07500000000000001,0.2559693835649163,0.25833184,0.0023624517050117033
0.65,0.07500000000000001,0.24530569857354706,0.2482148,0.0029090976119464096
0.6633333333333333,0.07500000000000001,0.2347819620196127,0.23820837,0.00342640640098818
0.6766666666666666,0.07500000000000001,0.22434881346828262,0.22829439,0.003945573991472329
0.69,0.07500000000000001,0.21400625291955677,0.21845368,0.0044474225889423735
0.7033333333333334,0.07500000000000001,0.2038177058852656,0.20866656,0.0048488571487920185
0.7166666666666667,0.07500000000000001,0.19369685678833992,0.19891393,0.005217075058278731
0.73,0.07500000000000001,0.18364370562877974,0.18917839,0.00553468666228929
0.7433333333333333,0.07500000000000001,0.17374059937286196,0.17944627,0.005705665728570841
0.7566666666666667,0.07500000000000001,0.1638939455019815,0.16970952,0.00581557304984498
0.77,0.07500000000000001,0.15410374401613858,0.15996858,0.005864840759786105
0.7833333333333333,0.07500000000000001,0.14448194858543276,0.15023525,0.005753302006798994
0.7966666666666666,0.07500000000000001,0.13491177251083256,0.14053549,0.005623716213876001
0.8099999999999999,0.07500000000000001,0.12539321579233798,0.13091117,0.005517955643971839
0.8233333333333334,0.07500000000000001,0.115997591492301,0.12142111,0.0054235221179666365
0.8366666666666667,0.07500000000000001,0.10665800989962232,0.11213934,0.00548132686519015
0.85,0.07500000000000001,0.09737447101430184,0.103151396,0.00577692490263694
0.05,0.1,0.9057808519130381,0.8938604,0.011920452189985165
0.06333333333333334,0.1,0.8846049436258904,0.8759145,0.008690429561101554
0.07666666666666666,0.1,0.8637838300530533,0.8580355,0.005748325235090612
0.09,0.1,0.8433175111945268,0.84023196,0.003085556143104684
0.10333333333333333,0.1,0.8235277486200091,0.82251257,0.0010151815767046601
0.11666666666666667,0.1,0.8040389589377264,0.804886,0.000847024529375684
0.13,0.1,0.7848511421476786,0.78736085,0.00250970484862878
0.1433333333333333,0.1,0.7662429911205484,0.76994574,0.0037027495792196774
0.15666666666666668,0.1,0.7479164490972379,0.7526493,0.004732858153738695
0.16999999999999998,0.1,0.729871516077747,0.73547983,0.005608315617809612
0.18333333333333335,0.1,0.7123520663166063,0.71844566,0.006093592367170553
0.19666666666666666,0.1,0.6950651343027461,0.70155466,0.006489521726001479
0.20999999999999996,0.1,0.6780107200361661,0.6848152,0.006804507949215943
0.22333333333333333,0.1,0.6614425715714004,0.6682344,0.00679183633036351
0.23666666666666664,0.1,0.6450975193462009,0.65182006,0.006722544244802564
0.25,0.1,0.6289755633605674,0.63557917,0.006603605435971938
0.2633333333333333,0.1,0.6132569821072269,0.6195186,0.006261595945293852
0.27666666666666667,0.1,0.5977415309102196,0.6036447,0.005903197750363853
0.29,0.1,0.5824292097695457,0.58796346,0.005534252106369819
0.3033333333333333,0.1,0.5674944701580251,0.5724809,0.004986446818903589
0.31666666666666665,0.1,0.55272816451045,0.55720234,0.004474174661913244
0.32999999999999996,0.1,0.5381302928268206,0.54213226,0.0040019655884016014
0.3433333333333333,0.1,0.5239063904295321,0.5272752,0.003368814228976169
0.35666666666666663,0.1,0.5098328674314144,0.51263523,0.002802363586651979
0.36999999999999994,0.1,0.4959097238324673,0.4982154,0.0023056833006351307
0.3833333333333333,0.1,0.4822981959541621,0.48401886,0.0017206662933049177
0.3966666666666666,0.1,0.4688354227080149,0.47004768,0.0012122598157124909
0.41,0.1,0.4555214040940256,0.45630386,0.0007824606234579368
0.4233333333333333,0.1,0.4424946164143073,0.44278815,0.000293537472487726
0.43666666666666665,0.1,0.42960037167443166,0.42950153,9.883816613087681e-05
0.44999999999999996,0.1,0.4168386698743986,0.4164436,0.0003950835249112994
0.4633333333333333,0.1,0.4043155818318451,0.4036136,0.0007019846772277627
0.4766666666666666,0.1,0.39192576863327083,0.3910102,0.0009155736164098704
0.48999999999999994,0.1,0.37966923027867594,0.37863117,0.0010380557143143676
0.5033333333333333,0.1,0.36761840226823805,0.36647356,0.0011448467033576826
0.5166666666666666,0.1,0.35569031283258745,0.3545337,0.0011566106975013923
0.53,0.1,0.34388496197172386,0.34280688,0.001078086266004863
0.5433333333333333,0.1,0.3322937866973097,0.33128756,0.0010062238501722387
0.5566666666666666,0.1,0.3208055309763866,0.31996933,0.0008362047186808996
0.5700000000000001,0.1,0.30942019480895444,0.30884436,0.0005758370799963108
0.5833333333333334,0.1,0.2982070200523065,0.29790393,0.00030309487187130113
0.5966666666666667,0.1,0.28709959276767866,0.28713778,3.81838455568162e-05
0.61,0.1,0.2760979129550711,0.27653438,0.00043646557352389204
0.6233333333333333,0.1,0.2652648492547102,0.2660808,0.00081594746388719
0.6366666666666667,0.1,0.25452077090001135,0.25576237,0.0012415975406167012
0.65,0.1,0.24386567789097463,0.24556288,0.001697203340333353
0.6633333333333333,0.1,0.23335529169170274,0.23546487,0.0021095792380152745
0.6766666666666666,0.1,0.22293297969527,0.22544968,0.0025167015867734455
0.69,0.1,0.21259874190167646,0.2154976,0.002898856150348378
0.7033333333333334,0.1,0.20242904628720232,0.20558926,0.0031602183440690435
0.7166666666666667,0.1,0.1923226977860932,0.19570614,0.0033834461891646683
0.73,0.1,0.18227969639834907,0.1858324,0.003552699751286248
0.7433333333333333,0.1,0.17238078324402886,0.17595713,0.0035763451615421216
0.7566666666666667,0.1,0.16254930280377355,0.16607632,0.003527014625768987
0.77,0.1,0.15278525507758334,0.15619625,0.003410996433990454
0.7833333333333333,0.1,0.14316856579255904,0.146336,0.003167438345433815
0.7966666666666666,0.1,0.13360905122123679,0.13653038,0.0029213332001117864
0.8099999999999999,0.1,0.12410671136361656,0.126831,0.0027242837192386626
0.8233333333333334,0.1,0.11471871216002341,0.11730615,0.0025874383359826003
0.8366666666666667,0.1,0.10538658606416167,0.10803806,0.002651474302945725
0.85,0.1,0.09611033307603123,0.09911755,0.003007214197604635
0.05,0.125,0.900354922299675,0.8891958,0.01115912247209927
0.06333333333333334,0.125,0.8793201774855779,0.8713798,0.007940384795300792
0.07666666666666666,0.125,0.8586297954876081,0.8536275,0.005002292569364686
0.09,0.125,0.8382837763057658,0.8359475,0.0023362627254435164
0.10333333333333333,0.125,0.8186162877591319,0.8183486,0.0002677011998362122
0.11666666666666667,0.125,0.7992433533908136,0.80083907,0.00159571311461848
0.13,0.125,0.7801649732008107,0.7834274,0.0032624440774791097
0.1433333333333333,0.125,0.7616732901243386,0.76612216,0.004448872217732935
0.15666666666666668,0.125,0.7434528531598119,0.74893165,0.005478793187233988
0.16999999999999998,0.125,0.7255036623072311,0.73186445,0.006360790054829479
0.18333333333333335,0.125,0.7080733300894586,0.71492815,0.006854820087543345
0.19666666666666666,0.125,0.6908846675965058,0.69813114,0.00724647645027765
0.20999999999999996,0.125,0.6739376748283724,0.68148124,0.007543567351498193
0.22333333333333333,0.125,0.6574454346013068,0.66498566,0.007540222136974473
0.23666666666666664,0.125,0.6411777934968801,0.6486522,0.0074744024336008685
0.25,0.125,0.6251347515150923,0.6324876,0.0073528435662369995
0.2633333333333333,0.125,0.609504921618347,0.61649877,0.006993846711273344
0.27666666666666667,0.125,0.5940688569975288,0.6006921,0.00662323637481621
0.29,0.125,0.5788265576526376,0.58507377,0.00624721143992224
0.3033333333333333,0.125,0.5639541301109894,0.5696491,0.00569497019266052
0.31666666666666665,0.125,0.5492581515718016,0.554424,0.00516583629364642
0.32999999999999996,0.125,0.5347386220350743,0.5394027,0.004664101277303656
0.3433333333333333,0.125,0.5205712868743424,0.52459,0.004018728537034555
0.35666666666666663,0.125,0.5065559545355277,0.5099896,0.0034336647195382097
0.36999999999999994,0.125,0.4926926250186299,0.49560505,0.002912426498856646
0.3833333333333333,0.125,0.47913073713923193,0.4814391,0.002308376477711427
0.3966666666666666,0.125,0.4657196534647563,0.4674941,0.0017744468675038316
0.41,0.125,0.452459373995203,0.45377198,0.001312604621511504
0.4233333333333333,0.125,0.4394779148560143,0.4402737,0.0007957872886085182
0.43666666666666665,0.125,0.42663065263517674,0.42700002,0.00036936333886805617
0.44999999999999996,0.125,0.41391758733269024,0.41395068,3.3094353711127233e-05
0.4633333333333333,0.125,0.4014455950324488,0.401125,0.00032058120417122193
0.4766666666666666,0.125,0.3890966943836345,0.38852146,0.0005752317047251765
0.48999999999999994,0.125,0.37687088538624713,0.3761379,0.0007329731128401518
0.5033333333333333,0.125,0.36486650645075963,0.36397135,0.0008951538735501585
0.5166666666666666,0.125,0.35298254155871833,0.35201782,0.0009647216772791234
0.53,0.125,0.34121899071012307,0.34027258,0.0009464150932865234
0.5433333333333333,0.125,0.329662251114624,0.32872984,0.0009324129817657179
0.5566666666666666,0.125,0.31820386929367656,0.3173829,0.0008209673867093925
0.5700000000000001,0.125,0.3068438452472806,0.30622366,0.000620184539806834
0.5833333333333334,0.125,0.29566085031055456,0.29524285,0.0004180042984390786
0.5966666666666667,0.125,0.2845842261485881,0.28442973,0.0001544971637553183
0.61,0.125,0.2736139727613812,0.2737723,0.00015832652832215022
0.6233333333333333,0.125,0.26281379469342303,0.2632569,0.0004431127696506998
0.6366666666666667,0.125,0.2520989443247787,0.25286824,0.0007692907864578769
0.65,0.125,0.24146942165544835,0.24258947,0.0011200520689168825
0.6633333333333333,0.125,0.23098642578573883,0.23240249,0.0014160628035479739
0.6766666666666666,0.125,0.22058802448418266,0.22228816,0.0017001370320069153
0.69,0.125,0.2102742177507798,0.21222685,0.0019526350238402435
0.7033333333333334,0.125,0.20011617877077298,0.2021995,0.002083325008638337
0.7166666666666667,0.125,0.1900280900955235,0.1921888,0.002160709285732615
0.73,0.125,0.18000995172503126,0.1821811,0.0021711532926307897
0.7433333333333333,0.125,0.17013923457673322,0.17216897,0.0020297355312990095
0.7566666666666667,0.125,0.1603311549383316,0.16215347,0.0018223125976409849
0.77,0.125,0.15058571280982658,0.1521475,0.001561788897250449
0.7833333333333333,0.125,0.14097392927051805,0.14217855,0.0012046210920689249
0.7966666666666666,0.125,0.1314250248939969,0.13229094,0.0008659195630572325
0.8099999999999999,0.125,0.12193899968026309,0.12254611,0.0006071068966564674
0.8233333333333334,0.125,0.11256965925295373,0.11302146,0.0004518039027927301
0.8366666666666667,0.125,0.10325456603489264,0.10380607,0.0005515049485172452
0.85,0.125,0.09399372002607975,0.09499382,0.0010001022505125023
0.05,0.15000000000000002,0.8949289926863118,0.88379115,0.011137844023744625
0.06333333333333334,0.15000000000000002,0.8740354113452655,0.86611325,0.007922165858052388
0.07666666666666666,0.15000000000000002,0.8534757609221632,0.8484965,0.00497926424476447
0.09,0.15000000000000002,0.8332500414170048,0.8309491,0.0023009137429019777
0.10333333333333333,0.15000000000000002,0.8137048268982549,0.81347996,0.0002248669335026543
0.11666666666666667,0.15000000000000002,0.7944477478439009,0.7960968,0.001649053913911569
0.13,0.15000000000000002,0.775478804253943,0.7788083,0.0033294914728331237
0.1433333333333333,0.15000000000000002,0.7571035891281288,0.76162255,0.004518958975203713
0.15666666666666668,0.15000000000000002,0.7389892572223862,0.7445481,0.005558825129298395
0.16999999999999998,0.15000000000000002,0.7211358085367153,0.7275928,0.006457017352872074
0.18333333333333335,0.15000000000000002,0.703794593862311,0.7107647,0.006970112272485118
0.19666666666666666,0.15000000000000002,0.6867042008902655,0.6940717,0.0073675092194451786
0.20999999999999996,0.15000000000000002,0.6698646296205787,0.6775219,0.007657254820797044
0.22333333333333333,0.15000000000000002,0.6534482976312131,0.66112196,0.00767366682343773
0.23666666666666664,0.15000000000000002,0.6372580676475594,0.64487976,0.007621690710442275
0.25,0.15000000000000002,0.6212939396696173,0.6288021,0.007508181015960069
0.2633333333333333,0.15000000000000002,0.6057528611294672,0.6128956,0.007142746818835977
0.27666666666666667,0.15000000000000002,0.590396183084838,0.59716684,0.006770653176911279
0.29,0.15000000000000002,0.5752239055357296,0.58162165,0.006397741345373964
0.3033333333333333,0.15000000000000002,0.5604137900639538,0.56626564,0.0058518525790210996
0.31666666666666665,0.15000000000000002,0.5457881386331532,0.5511044,0.005316287750818938
0.32999999999999996,0.15000000000000002,0.5313469512433282,0.5361425,0.004795576813770186
0.3433333333333333,0.15000000000000002,0.5172361833191529,0.5213844,0.004148234691558783
0.35666666666666663,0.15000000000000002,0.5032790416396411,0.5068341,0.0035550481163708625
0.36999999999999994,0.15000000000000002,0.4894755262047926,0.4924949,0.0030193847506364557
0.3833333333333333,0.15000000000000002,0.4759632783243018,0.47836968,0.0024064047029656588
0.3966666666666666,0.15000000000000002,0.46260388422149773,0.4644609,0.0018570251451099362
0.41,0.15000000000000002,0.4493973438963803,0.45077032,0.0013729746117678854
0.4233333333333333,0.15000000000000002,0.4364612132977213,0.4372991,0.0008378892470632393
0.43666666666666665,0.15000000000000002,0.42366093359592183,0.4240478,0.00038686432239787294
0.44999999999999996,0.15000000000000002,0.410996504790982,0.4110164,1.9899837771675255e-05
0.4633333333333333,0.15000000000000002,0.3985756082330526,0.39820406,0.0003715498243154203
0.4766666666666666,0.15000000000000002,0.3862676201339981,0.38560927,0.0006583509918472452
0.48999999999999994,0.15000000000000002,0.37407254049381844,0.3732297,0.0008428282459699288
0.5033333333333333,0.15000000000000002,0.36211461063328126,0.3610624,0.0010522031396899556
0.5166666666666666,0.15000000000000002,0.35027477028484927,0.34910324,0.0011715281259594978
0.53,0.15000000000000002,0.33855301944852223,0.33734724,0.0012057801926170786
0.5433333333333333,0.15000000000000002,0.32703071553193835,0.32578835,0.001242366618745605
0.5566666666666666,0.15000000000000002,0.3156022076109665,0.3144196,0.0011826102236526803
0.5700000000000001,0.15000000000000002,0.30426749568560674,0.30323246,0.0010350344715411852
0.5833333333333334,0.15000000000000002,0.29311468056880263,0.29221725,0.0008974259301307574
0.5966666666666667,0.15000000000000002,0.28206885952949756,0.28136274,0.0007061173439049107
0.61,0.15000000000000002,0.27113003256769147,0.27065632,0.00047371509523358446
0.6233333333333333,0.15000000000000002,0.26036274013213595,0.26008356,0.00027918395690401665
0.6366666666666667,0.15000000000000002,0.2496771177495461,0.24962853,4.858879694752405e-05
0.65,0.15000000000000002,0.2390731654199221,0.23927398,0.00020081483997322347
0.6633333333333333,0.15000000000000002,0.22861755987977495,0.22900116,0.0003836045565653867
0.6766666666666666,0.15000000000000002,0.2182430692730953,0.21879081,0.0005477450074146406
0.69,0.15000000000000002,0.20794969359988322,0.20862342,0.0006737305725182108
0.7033333333333334,0.15000000000000002,0.19780331125434367,0.19848073,0.0006774140340474466
0.7166666666666667,0.15000000000000002,0.1877334824049538,0.18834724,0.0006137529170447964
0.73,0.15000000000000002,0.1777402070517135,0.17821217,0.0004719587808060255
0.7433333333333333,0.15000000000000002,0.16789768590943757,0.16807246,0.00017477617247160793
0.7566666666666667,0.15000000000000002,0.15811300707288964,0.15793513,0.00017787945696098872
0.77,0.15000000000000002,0.14838617054206985,0.14782088,0.000565295493432455
0.7833333333333333,0.15000000000000002,0.1387792927484771,0.13776626,0.0010130358200332035
0.7966666666666666,0.15000000000000002,0.12924099856675705,0.12782548,0.0014155148869856304
0.8099999999999999,0.15000000000000002,0.11977128799690963,0.11806975,0.0017015349461054902
0.8233333333333334,0.15000000000000002,0.11042060634588406,0.108584486,0.001836120397798277
0.8366666666666667,0.15000000000000002,0.10112254600562363,0.09946373,0.0016588149551323011
0.85,0.15000000000000002,0.09187710697612828,0.09080213,0.0010749738927847696
0.05,0.17500000000000002,0.8876013193930048,0.877641,0.009960297187652012
0.06333333333333334,0.17500000000000002,0.8668804372862458,0.86010945,0.00677098885332339
0.07666666666666666,0.17500000000000002,0.8464914336985165,0.8426362,0.003855206090789487
0.09,0.17500000000000002,0.8264343086298174,0.82523006,0.0012042466219133185
0.10333333333333333,0.17500000000000002,0.8070334025181449,0.8078987,0.0008652977191292432
0.11666666666666667,0.17500000000000002,0.7879261623414322,0.7906508,0.0027246226278976327
0.13,0.17500000000000002,0.7691125880996792,0.7734942,0.004381595917502201
0.1433333333333333,0.17500000000000002,0.7508672122189731,0.756437,0.005569791393545187
0.15666666666666668,0.17500000000000002,0.7328902121364287,0.7394874,0.006597197455246118
0.16999999999999998,0.17500000000000002,0.715181587852046,0.72265345,0.00747186072964956
0.18333333333333335,0.17500000000000002,0.6979638356603557,0.70594287,0.007979033526045676
0.19666666666666666,0.17500000000000002,0.6809912565984276,0.68936354,0.008372282620474958
0.20999999999999996,0.17500000000000002,0.6642638506662617,0.6729231,0.008659237407468767
0.22333333333333333,0.17500000000000002,0.6479782920076502,0.65662855,0.00865025709131828
0.23666666666666664,0.17500000000000002,0.6319022115979107,0.64048743,0.008585220881947686
0.25,0.17500000000000002,0.6160356094370432,0.6245064,0.008470804499571827
0.2633333333333333,0.17500000000000002,0.6005927260341084,0.60869217,0.008099443155344721
0.27666666666666667,0.17500000000000002,0.5853350814903228,0.5930511,0.007715994445041008
0.29,0.17500000000000002,0.5702626758056863,0.57758904,0.00732635922849334
0.3033333333333333,0.17500000000000002,0.5555465891282785,0.56231165,0.006765060194231287
0.31666666666666665,0.17500000000000002,0.5410084119157377,0.5472243,0.006215871302646114
0.32999999999999996,0.17500000000000002,0.5266481441680646,0.5323316,0.005683441716029636
0.3433333333333333,0.17500000000000002,0.512613706960878,0.5176381,0.005024380311765997
0.35666666666666663,0.17500000000000002,0.4987349439083206,0.5031475,0.00441253896368865
0.36999999999999994,0.17500000000000002,0.48501185501039235,0.48886344,0.0038515833574512826
0.3833333333333333,0.17500000000000002,0.47157776464063195,0.47478864,0.0032108713285300405
0.3966666666666666,0.17500000000000002,0.45829562881539776,0.4609256,0.00262998005796955
0.41,0.17500000000000002,0.44516544753468956,0.4472761,0.0021106380804685188
0.4233333333333333,0.17500000000000002,0.43229489829723466,0.4338413,0.001546389792517533
0.43666666666666665,0.17500000000000002,0.41955947005772576,0.42062172,0.0010622528789044905
0.44999999999999996,0.17500000000000002,0.40695916281616296,0.40761724,0.0006580783280173419
0.4633333333333333,0.17500000000000002,0.3945860198879179,0.39482716,0.00024113737106951083
0.4766666666666666,0.17500000000000002,0.3823356054544192,0.3822498,8.580310342126696e-05
0.48999999999999994,0.17500000000000002,0.3702079195156667,0.36988273,0.00032518688589067146
0.5033333333333333,0.17500000000000002,0.3583043656832289,0.35772297,0.0005813978201459902
0.5166666666666666,0.17500000000000002,0.346511823736124,0.3457661,0.0007457264289187915
0.53,0.17500000000000002,0.33483029367435174,0.334007,0.0008232987116594814
0.5433333333333333,0.17500000000000002,0.3233512316941737,0.3224394,0.0009118293523310284
0.5566666666666666,0.17500000000000002,0.31196983818272106,0.31105584,0.0009139991209839993
0.5700000000000001,0.17500000000000002,0.30068611313999394,0.29984748,0.0008386295050452075
0.5833333333333334,0.17500000000000002,0.28957246943046144,0.28880417,0.0007682959609179862
0.5966666666666667,0.17500000000000002,0.27856542890412206,0.27791402,0.000651411465233509
0.61,0.17500000000000002,0.26766499156097556,0.26716387,0.0005011188421645274
0.6233333333333333,0.17500000000000002,0.25693156486593544,0.25653875,0.0003928161247855333
0.6366666666666667,0.17500000000000002,0.24627898132771947,0.24602202,0.0002569655177066532
0.65,0.17500000000000002,0.23570724094632792,0.23559596,0.00011128450158762182
0.6633333333333333,0.17500000000000002,0.22528899658005408,0.22524148,4.751432221106189e-05
0.6766666666666666,0.17500000000000002,0.21494920304338327,0.21493925,9.951501291904918e-06
0.69,0.17500000000000002,0.2046878603363155,0.20467043,1.743110657917435e-05
0.7033333333333334,0.17500000000000002,0.19457577669914933,0.19441804,0.00015773380097122702
0.7166666666666667,0.17500000000000002,0.1845356349245057,0.18416896,0.00036667030010079094
0.73,0.17500000000000002,0.17456743501238448,0.17391612,0.000651318655534805
0.7433333333333333,0.17500000000000002,0.16474367329712925,0.16366166,0.001082014533243747
0.7566666666666667,0.17500000000000002,0.15498495661983253,0.1534198,0.0015651639677023987
0.77,0.17500000000000002,0.14529128498049454,0.14321962,0.002071664991099398
0.7833333333333333,0.17500000000000002,0.13571152404246944,0.13310747,0.0026040555566372303
0.7966666666666666,0.17500000000000002,0.12619455857855064,0.123147555,0.0030470038829444046
0.8099999999999999,0.17500000000000002,0.11674038858873804,0.11342009,0.0033202970193143694
0.8233333333333334,0.17500000000000002,0.1074118233039826,0.10401707,0.003394751878067842
0.8366666666666667,0.17500000000000002,0.09813270257862476,0.09503513,0.003097574283203161
0.85,0.17500000000000002,0.08890302641266445,0.08656675,0.0023362727271900585
0.05,0.2,0.8802736460996979,0.8707406,0.009533053619992127
0.06333333333333334,0.2,0.8597254632272259,0.8533621,0.0063633797921672786
0.07666666666666666,0.2,0.8395071064748699,0.83604,0.0034670864858562522
0.09,0.2,0.81961857584263,0.8187821,0.0008364847018829114
0.10333333333333333,0.2,0.8003619781380349,0.8015966,0.0012346037978476776
0.11666666666666667,0.2,0.7814045768389634,0.7844914,0.0030868429532119324
0.13,0.2,0.7627463719454155,0.7674746,0.004728219786609644
0.1433333333333333,0.2,0.7446308353098174,0.7505541,0.005923249468014591
0.15666666666666668,0.2,0.7267911670504712,0.7337377,0.006946540087590325
0.16999999999999998,0.2,0.7092273671673768,0.7170335,0.007806138272381524
0.18333333333333335,0.2,0.6921330774584004,0.70044893,0.008315852805118928
0.19666666666666666,0.2,0.6752783123065897,0.6839919,0.008713596720509864
0.20999999999999996,0.2,0.6586630717119448,0.66766953,0.009006462971282714
0.22333333333333333,0.2,0.6425082863840874,0.6514893,0.008981031033057363
0.23666666666666664,0.2,0.6265463555482621,0.63545805,0.008911696610093611
0.25,0.2,0.6107772792044689,0.6195829,0.008805612259764506
0.2633333333333333,0.2,0.5954325909387495,0.60387,0.008437383674440246
0.27666666666666667,0.2,0.5802739798958075,0.5883257,0.008051699406408042
0.29,0.2,0.5653014460756433,0.57295597,0.00765451992014532
0.3033333333333333,0.2,0.5506793881926031,0.5577664,0.007086989733269711
0.31666666666666665,0.2,0.5362286851983222,0.5427622,0.006533534707531041
0.32999999999999996,0.2,0.521949337092801,0.52794796,0.0059986251912871325
0.3433333333333333,0.2,0.5079912306026032,0.5133284,0.0053371428295562184
0.35666666666666663,0.2,0.4941908461770002,0.49890694,0.00471609404478629
0.36999999999999994,0.2,0.480548183815992,0.4846873,0.004139114720308645
0.3833333333333333,0.2,0.46719225095696215,0.47067222,0.003479969034721808
0.3966666666666666,0.2,0.4539873734092978,0.45686415,0.0028767749690744027
0.41,0.2,0.44093355117299876,0.44326484,0.0023312908603874694
0.4233333333333333,0.2,0.42812858329674797,0.42987546,0.0017468799505512278
0.43666666666666665,0.2,0.41545800651952963,0.41669664,0.0012386313493515932
0.44999999999999996,0.2,0.402921820841344,0.40372807,0.0008062470335644667
0.4633333333333333,0.2,0.39059643154278323,0.39096895,0.00037251705989316264
0.4766666666666666,0.2,0.37840359077484026,0.37841767,1.4079951935863644e-05
0.48999999999999994,0.2,0.3663432985375149,0.3660717,0.00027159748771021786
0.5033333333333333,0.2,0.3544941207331765,0.3539277,0.0005664190215218246
0.5166666666666666,0.2,0.34274887718739866,0.3419813,0.0007675854164636009
0.53,0.2,0.33110756790018125,0.33022708,0.0008804908928875532
0.5433333333333333,0.2,0.31967174785640906,0.31865835,0.0010133959582157015
0.5566666666666666,0.2,0.30833746875447565,0.3072674,0.001070071112340032
0.5700000000000001,0.2,0.2971047305943811,0.2960449,0.0010598444821679487
0.5833333333333334,0.2,0.2860302582921203,0.28498015,0.0010501102151092012
0.5966666666666667,0.2,0.2750619982787465,0.2740608,0.0010012125083302403
0.61,0.2,0.26419995055425965,0.26327303,0.0009269200347741813
0.6233333333333333,0.2,0.2535003895997349,0.2526013,0.0008990938901249357
0.6366666666666667,0.2,0.24288084490589287,0.24202845,0.000852399900476003
0.65,0.2,0.23234131647273373,0.23153627,0.0008050472848064871
0.6633333333333333,0.2,0.22196043328033319,0.22110559,0.0008548428176485545
0.6766666666666666,0.2,0.2116553368136712,0.21071742,0.0009379120633431492
0.69,0.2,0.2014260270727478,0.20035386,0.0010721662176452484
0.7033333333333334,0.2,0.191348242143955,0.1899999,0.0013483488362691365
0.7166666666666667,0.2,0.18133778744405757,0.17964542,0.0016923683232689946
0.73,0.2,0.17139466297305542,0.16928801,0.002106653567919309
0.7433333333333333,0.2,0.16158966068482092,0.1589361,0.002653562466856746
0.7566666666666667,0.2,0.15185690616677544,0.14861168,0.0032452264935805553
0.77,0.2,0.1421963994189192,0.13835324,0.0038431559487272504
0.7833333333333333,0.2,0.13264375533646178,0.12821712,0.00442663933819365
0.7966666666666666,0.2,0.1231481185903442,0.118277095,0.0048710233321082735
0.8099999999999999,0.2,0.11370948918056646,0.108621195,0.005088294221879633
0.8233333333333334,0.2,0.10440304026208114,0.09934592,0.005057117791988364
0.8366666666666667,0.2,0.09514285915162589,0.09054789,0.0045949696805718115
0.85,0.2,0.08592894584920065,0.08231441,0.003614536533614557
0.05,0.225,0.8712696860473075,0.8630834,0.008186263863317
0.06333333333333334,0.225,0.8509234440568042,0.8458643,0.005059148097331545
0.07666666666666666,0.225,0.8308963293187013,0.8286992,0.0021971577755799387
0.09,0.225,0.8111883418329988,0.8115963,0.0004079325429167113
0.10333333333333333,0.225,0.7921134459229826,0.7945632,0.002449728324759093
0.11666666666666667,0.225,0.7733320262039043,0.7776076,0.004275593558516366
0.13,0.225,0.7548440826757639,0.7607378,0.00589369408052276
0.1433333333333333,0.225,0.736886528507388,0.74396086,0.007074328883969416
0.15666666666666668,0.225,0.7192045431729364,0.727285,0.008080484331030924
0.16999999999999998,0.225,0.7017981266724092,0.7107181,0.008919968630172637
0.18333333333333335,0.225,0.6848542779218375,0.6942671,0.009412816213446917
0.19666666666666666,0.225,0.6681445632643133,0.67794,0.009795447760161835
0.20999999999999996,0.225,0.6516689826998364,0.6617438,0.01007483701375611
0.22333333333333333,0.225,0.6356387429425332,0.64568573,0.010046989422121344
0.23666666666666664,0.225,0.6198056828098667,0.62977266,0.00996698030658838
0.25,0.225,0.6041698023018367,0.61401135,0.00984154499201706
0.2633333333333333,0.225,0.5889448328231106,0.59840804,0.009463210561441393
0.27666666666666667,0.225,0.573904300958759,0.58296907,0.009064768522137001
0.29,0.225,0.5590482067087816,0.56770045,0.00865223894322642
0.3033333333333333,0.225,0.5445314007856772,0.5526072,0.008075777902372128
0.31666666666666665,0.225,0.5301886363181147,0.53769475,0.007506115898224364
0.32999999999999996,0.225,0.5160199133060945,0.5229679,0.006947961697720162
0.3433333333333333,0.225,0.502165415096844,0.50843084,0.006265423488055921
0.35666666666666663,0.225,0.4884610171778392,0.49408743,0.005626410676698779
0.36999999999999994,0.225,0.47490671954908026,0.47994104,0.005034320728400821
0.3833333333333333,0.225,0.4616390134817904,0.46599463,0.0043556128018552576
0.3966666666666666,0.225,0.4485193777413512,0.4522504,0.003731013503537106
0.41,0.225,0.4355478123277624,0.4387103,0.0031624897867242874
0.4233333333333333,0.225,0.4228114588980202,0.4253754,0.002563943075704178
0.43666666666666665,0.225,0.4102149951437455,0.41224617,0.002031172516014035
0.44999999999999996,0.225,0.3977584210649386,0.39932236,0.0015639396890744783
0.4633333333333333,0.225,0.3855062376710606,0.3866032,0.00109696872504228
0.4766666666666666,0.225,0.3733813921200252,0.3740868,0.0007054051173710496
0.48999999999999994,0.225,0.3613838844118321,0.36177057,0.0003866858663356121
0.5033333333333333,0.225,0.3496021152083998,0.34965104,4.8923438298209554e-05
0.5166666666666666,0.225,0.337918069400853,0.3377236,0.00019445661551364957
0.53,0.225,0.32633174698919143,0.32598254,0.0003492061433204574
0.5433333333333333,0.225,0.3149560850283425,0.3144209,0.0005351763388435904
0.5566666666666666,0.225,0.3036830208030318,0.3030305,0.0006525299277876373
0.5700000000000001,0.225,0.2925125543132592,0.29180163,0.0007109228626061004
0.5833333333333334,0.225,0.28148900204145827,0.28072307,0.0007659369035951102
0.5966666666666667,0.225,0.27056923412112344,0.26978183,0.0007874061944876942
0.61,0.225,0.2597532505522548,0.25896356,0.0007896954546748325
0.6233333333333333,0.225,0.2490937450360102,0.24825214,0.0008416065405649487
0.6366666666666667,0.225,0.23851684925792804,0.23763005,0.0008867949032603795
0.65,0.225,0.22802256321800854,0.22707877,0.0009437975872864934
0.6633333333333333,0.225,0.21768251924523935,0.21657926,0.0011032608033142988
0.6766666666666666,0.225,0.20742009762382263,0.2061133,0.0013068038568472273
0.69,0.225,0.19723529835375841,0.19566438,0.0015709223333268962
0.7033333333333334,0.225,0.18718568593550144,0.18522006,0.0019656232028049114
0.7166666666666667,0.225,0.17720846468976864,0.17477417,0.002434294767893641
0.73,0.225,0.1673036346165599,0.16432972,0.002973912092870623
0.7433333333333333,0.225,0.15752842350548285,0.15390237,0.0036260567480899675
0.7566666666666667,0.225,0.1478207820585422,0.14352277,0.004298012845819432
0.77,0.225,0.1381807102757382,0.13323918,0.004941530426113561
0.7833333333333333,0.225,0.1286586734391269,0.123117834,0.0055408391095218
0.7966666666666666,0.225,0.11919304465924574,0.11324128,0.005951767024148236
0.8099999999999999,0.225,0.10978382393609473,0.103703536,0.006080287842859716
0.8233333333333334,0.225,0.10050217115654946,0.094603114,0.005899057326459886
0.8366666666666667,0.225,0.0912632231001097,0.08603358,0.005229640412731773
0.85,0.225,0.08206697976677539,0.07807431,0.003992666066576264
0.05,0.25,0.8622657259949171,0.8546609,0.007604797745558001
0.06333333333333334,0.25,0.8421214248863825,0.8376061,0.004515352460540245
0.07666666666666666,0.25,0.8222855521625326,0.8206036,0.0016819430774496213
0.09,0.25,0.8027581078233675,0.80366105,0.0009029405889554587
0.10333333333333333,0.25,0.7838649137079303,0.7867862,0.00292128490809751
0.11666666666666667,0.25,0.7652594755688452,0.7699863,0.0047267962893701165
0.13,0.25,0.7469417934061121,0.7532689,0.006327104127304639
0.1433333333333333,0.25,0.7291422217049585,0.7366422,0.0074999601683630734
0.15666666666666668,0.25,0.7116179192954016,0.72011334,0.008495417744545875
0.16999999999999998,0.25,0.6943688861774416,0.70368993,0.009321046645739517
0.18333333333333335,0.25,0.6775754783852747,0.6873794,0.00980394141834473
0.19666666666666666,0.25,0.6610108142220369,0.671189,0.010178195921243138
0.20999999999999996,0.25,0.644674893687728,0.655126,0.010451081921097671
0.22333333333333333,0.25,0.628769199500979,0.6391971,0.01042791162878176
0.23666666666666664,0.25,0.6130650100714713,0.62340945,0.010344439982697406
0.25,0.25,0.5975623253992045,0.6077695,0.01020716388912557
0.2633333333333333,0.25,0.5824570747074718,0.5922836,0.009826531821764073
0.27666666666666667,0.25,0.5675346220217103,0.57695776,0.009423140219653181
0.29,0.25,0.5527949673419201,0.56179774,0.009002770733336218
0.3033333333333333,0.25,0.5383834133787513,0.546809,0.008425604279482357
0.31666666666666665,0.25,0.5241485874379073,0.5319966,0.007848020342549278
0.32999999999999996,0.25,0.5100904895193882,0.5173652,0.007274727689474125
0.3433333333333333,0.25,0.49633959959108465,0.5029192,0.006579597491434885
0.35666666666666663,0.25,0.4827311881786781,0.48866236,0.005931173920015742
0.36999999999999994,0.25,0.46926525528216845,0.47459796,0.005332705428357065
0.3833333333333333,0.25,0.45608577600661865,0.46072885,0.004643077934345097
0.3966666666666666,0.25,0.44305138207340455,0.4470575,0.004006103507039782
0.41,0.25,0.430162073482526,0.43358546,0.0034233914718502234
0.4233333333333333,0.25,0.41749433449929235,0.42031395,0.0028196198540401674
0.43666666666666665,0.25,0.4049719837679614,0.40724346,0.0022714766488324267
0.44999999999999996,0.25,0.3925950212885332,0.3943737,0.001778663833003069
0.4633333333333333,0.25,0.3804160437993381,0.3817036,0.001287541586938168
0.4766666666666666,0.25,0.3683591934652101,0.36923128,0.0008720901994932473
0.48999999999999994,0.25,0.3564244702861493,0.3569541,0.0005296274616534147
0.5033333333333333,0.25,0.34471010968362314,0.34486824,0.00015813305700795866
0.5166666666666666,0.25,0.3330872616143073,0.33296898,0.00011828154037846206
0.53,0.25,0.32155592607820155,0.32125026,0.00030566620195032757
0.5433333333333333,0.25,0.310240422200276,0.30970475,0.0005356714239850846
0.5566666666666666,0.25,0.2990285728515879,0.2983239,0.0007046733440653208
0.5700000000000001,0.25,0.28792037803213727,0.28709754,0.0008228345541251847
0.5833333333333334,0.25,0.27694774579079623,0.2760138,0.0009339542296695202
0.5966666666666667,0.25,0.26607646996350043,0.26505938,0.0010170882400964976
0.61,0.25,0.2553065505502499,0.25421926,0.0010872867582119583
0.6233333333333333,0.25,0.24468710047228548,0.2434768,0.0012103073023101985
0.6366666666666667,0.25,0.2341528536099632,0.23281421,0.001338645936890398
0.65,0.25,0.22370380996328335,0.22221296,0.0014908546076391194
0.6633333333333333,0.25,0.2134046052101455,0.21165448,0.0017501209381423355
0.6766666666666666,0.25,0.20318485843397407,0.20112161,0.002063245050680923
0.69,0.25,0.19304456963476904,0.19059998,0.002444591664645751
0.7033333333333334,0.25,0.18302312972704793,0.18008031,0.0029428202168169104
0.7166666666666667,0.25,0.17307914193547974,0.16956125,0.0035178899375320483
0.73,0.25,0.16321260626006434,0.15905212,0.004160487601044871
0.7433333333333333,0.25,0.15346718632614478,0.1485766,0.004890583986400215
0.7566666666666667,0.25,0.143784657950309,0.13817465,0.005610004897025317
0.77,0.25,0.13416502113255716,0.12790442,0.006260606001941921
0.7833333333333333,0.25,0.124673591541792,0.11784135,0.006832243489767159
0.7966666666666666,0.25,0.11523797072814729,0.108075395,0.007162575501668711
0.8099999999999999,0.25,0.105858158691623,0.098704405,0.007153753562667162
0.8233333333333334,0.25,0.09660130205101777,0.08982589,0.0067754110927086
0.8366666666666667,0.25,0.08738358704859352,0.08152754,0.005856048451009746
0.85,0.25,0.07820501368435014,0.07387807,0.004326941482144478
0.05,0.275,0.8518173900582997,0.845462,0.006355365846416161
0.06333333333333334,0.275,0.8318732738534218,0.828576,0.003297245506406421
0.07666666666666666,0.275,0.8122386480554055,0.81174046,0.0004981900437782683
0.09,0.275,0.7929135126642506,0.7949628,0.0020493107267101074
0.10333333333333333,0.275,0.7742100619354988,0.7782506,0.0040405131301139985
0.11666666666666667,0.275,0.7557902248333555,0.7616109,0.005820700364245868
0.13,0.275,0.7376540013578208,0.7450516,0.007397621032926294
0.1433333333333333,0.275,0.7200463047300083,0.7285801,0.00853381249563867
0.15666666666666668,0.275,0.7026965526047461,0.7122035,0.009506950050283236
0.16999999999999998,0.275,0.6856047449820342,0.6959294,0.010324663091391129
0.18333333333333335,0.275,0.6689758334214695,0.6797649,0.010789093012093742
0.19666666666666666,0.275,0.6525711929539902,0.66371745,0.011146255757405021
0.20999999999999996,0.275,0.6363908235795959,0.6477937,0.01140288665218514
0.22333333333333333,0.275,0.6206265995790661,0.63200057,0.011373965949803555
0.23666666666666664,0.275,0.6050682003155764,0.61634505,0.01127684763516823
0.25,0.275,0.5897156257891263,0.6008333,0.011117670986691586
0.2633333333333333,0.275,0.5747424477491345,0.58547163,0.010729182347301025
0.27666666666666667,0.275,0.5599458425883375,0.57026607,0.01032022539338251
0.29,0.275,0.5453258103067353,0.5552222,0.009896402961544704
0.3033333333333333,0.275,0.5310389379838867,0.5403456,0.009306671204193151
0.31666666666666665,0.275,0.5169218354535983,0.5256411,0.008719248263747925
0.32999999999999996,0.275,0.5029745027158704,0.5111133,0.008138783302501174
0.3433333333333333,0.275,0.48933004769937943,0.4967666,0.007436549333167564
0.35666666666666663,0.275,0.4758278046753762,0.48260468,0.006776877770149903
0.36999999999999994,0.275,0.4624677736438608,0.4686309,0.006163136275877945
0.3833333333333333,0.275,0.4493872492383467,0.4548481,0.005460861437465048
0.3966666666666666,0.275,0.43645106857769744,0.44125846,0.004807391705581976
0.41,0.275,0.4236592316619127,0.4278639,0.0042046642311842075
0.4233333333333333,0.275,0.4110918915221201,0.4146652,0.0035733008435262503
0.43666666666666665,0.275,0.39865478802367094,0.401663,0.0030082173283493274
0.44999999999999996,0.275,0.3863479211665651,0.38885698,0.0025090560577848975
0.4633333333333333,0.275,0.3742602707852563,0.37624586,0.0019855854998389044
0.4766666666666666,0.275,0.36228443048734515,0.36382774,0.001543304698278014
0.48999999999999994,0.275,0.3504204002728315,0.35159966,0.0011792632231859557
0.5033333333333333,0.275,0.33877910394870203,0.33955786,0.0007787523726328072
0.5166666666666666,0.275,0.32722912805388626,0.32769707,0.00046794039894881845
0.53,0.275,0.3157704725883841,0.31601107,0.00024059861675507221
0.5433333333333333,0.275,0.30451532592698666,0.30449218,2.3150347915612546e-05
0.5566666666666666,0.275,0.29336020595528367,0.29313138,0.00022882468201401718
0.5700000000000001,0.275,0.2823051126732752,0.28191796,0.0003871532215997675
0.5833333333333334,0.275,0.2714038653801846,0.27083966,0.0005642040203975851
0.5966666666666667,0.275,0.2605926509643175,0.25988248,0.0007101710582353427
0.61,0.275,0.24987146942567395,0.24903105,0.0008404174323038971
0.6233333333333333,0.275,0.23931404853334523,0.23826838,0.001045673136616715
0.6366666666666667,0.275,0.228832765659376,0.22757648,0.0012562863436182403
0.65,0.275,0.21842762080376638,0.2169371,0.0014905258769322693
0.6633333333333333,0.275,0.2081685302165981,0.20633245,0.0018360850719447708
0.6766666666666666,0.275,0.1979930500241712,0.19574699,0.0022460619660809866
0.69,0.275,0.18790118022648566,0.18516898,0.002732198674361641
0.7033333333333334,0.275,0.17791690263935178,0.17459324,0.00332366261669248
0.7166666666666667,0.275,0.16801093988655003,0.16402394,0.003987004091719704
0.73,0.275,0.15818329196808018,0.15347761,0.004705682810517919
0.7433333333333333,0.275,0.14846839978604642,0.14298663,0.005481774353078284
0.7566666666666667,0.275,0.13881973193401734,0.13260046,0.00621927545780579
0.77,0.275,0.129237288411993,0.12238677,0.006850519951719258
0.7833333333333333,0.275,0.11977686440925778,0.11242934,0.007347521245290645
0.7966666666666666,0.275,0.11037146847205814,0.10282342,0.007548047112995948
0.8099999999999999,0.275,0.10102110060039413,0.093668,0.0073531016904438695
0.8233333333333334,0.275,0.09178368925273078,0.08505677,0.006726922385093148
0.8366666666666667,0.275,0.08259449152734832,0.07706856,0.005525931701927944
0.85,0.275,0.07345350742424667,0.06975933,0.0036941757806652764
0.05,0.30000000000000004,0.8413690541216823,0.8354732,0.0058958743044825734
0.06333333333333334,0.30000000000000004,0.8216251228204611,0.81875896,0.0028661582818868547
0.07666666666666666,0.30000000000000004,0.8021917439482783,0.8020935,9.823808890330188e-05
0.09,0.30000000000000004,0.7830689175051337,0.78548425,0.002415336855065231
0.10333333333333333,0.30000000000000004,0.7645552101630673,0.7689386,0.004383390853931024
0.11666666666666667,0.30000000000000004,0.7463209740978658,0.75246334,0.006142366661411547
0.13,0.30000000000000004,0.7283662093095294,0.7360662,0.007700012881327489
0.1433333333333333,0.30000000000000004,0.7109503877550581,0.71975416,0.008803771695472862
0.15666666666666668,0.30000000000000004,0.6937751859140905,0.7035345,0.009759297995516447
0.16999999999999998,0.30000000000000004,0.6768406037866266,0.6874146,0.010573982757410283
0.18333333333333335,0.30000000000000004,0.6603761884576644,0.6714013,0.011025133430305534
0.19666666666666666,0.30000000000000004,0.6441315716859436,0.65550184,0.011370270812835703
0.20999999999999996,0.30000000000000004,0.6281067534714638,0.639723,0.011616249439150184
0.22333333333333333,0.30000000000000004,0.6124839996571533,0.62407154,0.011587538791180463
0.23666666666666664,0.30000000000000004,0.5970713905596815,0.608554,0.011482615063182267
0.25,0.30000000000000004,0.5818689261790481,0.5931769,0.011307975161436556
0.2633333333333333,0.30000000000000004,0.5670278207907973,0.5779462,0.010918365274876551
0.27666666666666667,0.30000000000000004,0.5523570631549647,0.56286794,0.010510876317233797
0.29,0.30000000000000004,0.5378566532715506,0.5479476,0.010090932311182521
0.3033333333333333,0.30000000000000004,0.523694462589022,0.5331905,0.009496026226285648
0.31666666666666665,0.30000000000000004,0.5096950834692893,0.5186018,0.008906691700083291
0.32999999999999996,0.30000000000000004,0.4958585159123527,0.5041858,0.008327279871643889
0.3433333333333333,0.30000000000000004,0.4823204958076742,0.48994675,0.0076262569789621315
0.35666666666666663,0.30000000000000004,0.4689244211720744,0.47588867,0.0069642483187398185
0.36999999999999994,0.30000000000000004,0.4556702920055532,0.46201456,0.006344263925538107
0.3833333333333333,0.30000000000000004,0.44268872247007485,0.44832736,0.005638640067309186
0.3966666666666666,0.30000000000000004,0.4298507550819903,0.4348293,0.0049785395995587955
0.41,0.30000000000000004,0.41715638984129944,0.42152202,0.004365631452340701
0.4233333333333333,0.30000000000000004,0.4046894485449479,0.40840662,0.0037171667123152563
0.43666666666666665,0.30000000000000004,0.3923375922793804,0.39548334,0.0031457525139392817
0.44999999999999996,0.30000000000000004,0.38010082104459697,0.38275185,0.0026510312293440697
0.4633333333333333,0.30000000000000004,0.36810449777117454,0.37021086,0.0021063584280899827
0.4766666666666666,0.30000000000000004,0.35620966750948013,0.3578583,0.0016486326995652778
0.48999999999999994,0.30000000000000004,0.34441633025951374,0.34569106,0.0012747247999192468
0.5033333333333333,0.30000000000000004,0.33284809821378086,0.33370504,0.0008569396184792688
0.5166666666666666,0.30000000000000004,0.3213709944934652,0.32189474,0.0005237406044199533
0.53,0.30000000000000004,0.3099850190985666,0.31025365,0.0002686308514608382
0.5433333333333333,0.30000000000000004,0.29879022965369734,0.29877365,1.6583299022043807e-05
0.5566666666666666,0.30000000000000004,0.2876918390589795,0.28744528,0.00024656208334777885
0.5700000000000001,0.30000000000000004,0.27668984731441304,0.27625737,0.00043248137241169715
0.5833333333333334,0.30000000000000004,0.2658599849695729,0.26519716,0.0006628271097706695
0.5966666666666667,0.30000000000000004,0.25510883196513456,0.25425017,0.0008586631647805598
0.61,0.30000000000000004,0.24443638830109798,0.24340054,0.001035844372951622
0.6233333333333333,0.30000000000000004,0.23394099659440498,0.23263115,0.0013098496865985854
0.6366666666666667,0.30000000000000004,0.22351267770878874,0.22192399,0.0015886856710156105
0.65,0.30000000000000004,0.2131514316442494,0.21126147,0.0018899654987339642
0.6633333333333333,0.30000000000000004,0.2029324552230507,0.20062687,0.0023055901937156786
0.6766666666666666,0.30000000000000004,0.19280124161436832,0.19000687,0.0027943745632437456
0.69,0.30000000000000004,0.18275779081820226,0.17939307,0.003364722862231495
0.7033333333333334,0.30000000000000004,0.17281067555165566,0.16878507,0.0040256101391343
0.7166666666666667,0.30000000000000004,0.16294273783762028,0.15819335,0.004749387999363447
0.73,0.30000000000000004,0.153153977676096,0.14764242,0.005511558933916139
0.7433333333333333,0.30000000000000004,0.1434696132459481,0.13717353,0.006296079806311861
0.7566666666666667,0.30000000000000004,0.13385480591772567,0.12684579,0.007009013981804951
0.77,0.30000000000000004,0.12430955569142882,0.11673565,0.007573903602309862
0.7833333333333333,0.30000000000000004,0.11488013727672354,0.106933445,0.007946692538335479
0.7966666666666666,0.30000000000000004,0.10550496621596901,0.09753737,0.007967597679973529
0.8099999999999999,0.30000000000000004,0.09618404250916525,0.088644736,0.007539306994047604
0.8233333333333334,0.30000000000000004,0.0869660764544438,0.08034245,0.006623627206606739
0.8366666666666667,0.30000000000000004,0.07780539600610314,0.07269802,0.00510737656116067
0.85,0.30000000000000004,0.06870200116414321,0.06575331,0.002948690245335228
0.05,0.325,0.8296989849466325,0.82467747,0.005021517600441117
0.06333333333333334,0.325,0.8101580803527078,0.80813724,0.0020208423270424714
0.07666666666666666,0.325,0.7909306353272312,0.79164463,0.0007139974890835177
0.09,0.325,0.7720166498702026,0.7752065,0.0031898563820862424
0.10333333333333333,0.325,0.7536953882997465,0.7588302,0.005134801405148548
0.11666666666666667,0.325,0.7356497709537221,0.74252254,0.006872766754560389
0.13,0.325,0.7178797978321296,0.72629076,0.008410964592339365
0.1433333333333333,0.325,0.7006430618956379,0.71014196,0.009498894910545008
0.15666666666666668,0.325,0.6836409460625599,0.69408345,0.010442506162171572
0.16999999999999998,0.325,0.6668734503328961,0.67812186,0.01124841446278868
0.18333333333333335,0.325,0.6505815775433662,0.6622643,0.011682709928405033
0.19666666666666666,0.325,0.634505355516211,0.64651793,0.012012576898797533
0.20999999999999996,0.325,0.6186447842514302,0.6308893,0.012244512280247033
0.22333333333333333,0.325,0.6031702552043209,0.61538506,0.012214800337671305
0.23666666666666664,0.325,0.5879032578215744,0.6000117,0.01210844853065951
0.25,0.325,0.5728437921031904,0.58477557,0.011931774951558172
0.2633333333333333,0.325,0.5581420483356476,0.56968254,0.011540490173721274
0.27666666666666667,0.325,0.5436105745236124,0.5547386,0.011128006656960121
0.29,0.325,0.5292493706670849,0.53994924,0.010699867633238602
0.3033333333333333,0.325,0.515215885279153,0.52531964,0.010103750588919547
0.31666666666666665,0.325,0.501343162725322,0.5108549,0.009511737157948286
0.32999999999999996,0.325,0.48763120300559204,0.49655947,0.008928267886360475
0.3433333333333333,0.325,0.47420983745773243,0.4824375,0.008227653959198722
0.35666666666666663,0.325,0.46093134373747047,0.46849272,0.007561372813356559
0.36999999999999994,0.325,0.44779572184480615,0.45472834,0.006932613297329471
0.3833333333333333,0.325,0.4349160352207314,0.44114736,0.006231322004686679
0.3966666666666666,0.325,0.4221739989416219,0.4277517,0.005577691207685365
0.41,0.325,0.4095696130074773,0.4145432,0.00497359845263623
0.4233333333333333,0.325,0.39720254062360955,0.40152273,0.004320185196931836
0.43666666666666665,0.325,0.3849463170302221,0.38869062,0.0037443036305597754
0.44999999999999996,0.325,0.37280094222731497,0.3760463,0.0032453577070722384
0.4633333333333333,0.325,0.36089151371741424,0.3635884,0.0026968790171133517
0.4766666666666666,0.325,0.34908579724393585,0.35131475,0.002228956050055242
0.48999999999999994,0.325,0.33738379280687963,0.33922186,0.0018380721318563276
0.5033333333333333,0.325,0.3258830432129927,0.32730556,0.0014225121306352118
0.5166666666666666,0.325,0.31447660339615213,0.31556007,0.0010834692642940347
0.53,0.325,0.3031644733563578,0.30397838,0.0008139101847493557
0.5433333333333333,0.325,0.29204635633060183,0.29255202,0.0005056677954510258
0.5566666666666666,0.325,0.2810200372517102,0.28127104,0.00025100318789550435
0.5700000000000001,0.325,0.2700855161196829,0.27012378,3.826365402925802e-05
0.5833333333333334,0.325,0.25931450699136704,0.25909704,0.00021746729181260083
0.5966666666666667,0.325,0.2486245083867602,0.24817583,0.00044867873778864364
0.61,0.325,0.23801552030586243,0.23734409,0.0006714341356658937
0.6233333333333333,0.325,0.22757473588656757,0.22658442,0.0009903162784514197
0.6366666666666667,0.325,0.21720119884041414,0.21587938,0.001321818137441727
0.65,0.325,0.20689490916740222,0.20521197,0.0016829419375590793
0.6633333333333333,0.325,0.1967238956930324,0.19456734,0.002156558060853131
0.6766666666666666,0.325,0.18663809854149702,0.18393478,0.0027033205664146187
0.69,0.325,0.1766375177127961,0.1733099,0.0033276103956345338
0.7033333333333334,0.325,0.16673800198554106,0.16269782,0.004040180129996018
0.7166666666666667,0.325,0.15691681902113203,0.15211605,0.004800773665335212
0.73,0.325,0.14717396881956893,0.14159746,0.005576504138897237
0.7433333333333333,0.325,0.13752138103118244,0.1311925,0.006328875671532785
0.7566666666666667,0.325,0.12794323177965944,0.12096917,0.006974062937820602
0.77,0.325,0.11843952106500004,0.11101145,0.0074280680921110925
0.7833333333333333,0.325,0.1090504808757782,0.10141426,0.007636217627334602
0.7966666666666666,0.325,0.0997071465115092,0.09227613,0.007431012914612081
0.8099999999999999,0.325,0.0904095179721931,0.08368969,0.00671982833596263
0.8233333333333334,0.325,0.08122265784389893,0.075732395,0.0054902627909890755
0.8366666666666667,0.325,0.07209184513162273,0.06845869,0.0036331538922657336
0.85,0.325,0.06301707983536445,0.06189551,0.0011215715162249673
0.05,0.35000000000000003,0.8180289157715828,0.8130559,0.004973042854407472
0.06333333333333334,0.35000000000000003,0.7986910378849545,0.7966914,0.0019996201908627498
0.07666666666666666,0.35000000000000003,0.7796695267061841,0.78037316,0.0007036293645251712
0.09,0.35000000000000003,0.7609643822352714,0.7641085,0.003144096787708328
0.10333333333333333,0.35000000000000003,0.7428355664364256,0.7479039,0.005068317020758273
0.11666666666666667,0.35000000000000003,0.7249785678095784,0.7317665,0.006787954121116213
0.13,0.35000000000000003,0.7073933863547298,0.71570325,0.008309862622931319
0.1433333333333333,0.35000000000000003,0.6903357360362175,0.6997211,0.009385361909949541
0.15666666666666668,0.35000000000000003,0.6735067062110293,0.68382716,0.01032045557791117
0.16999999999999998,0.35000000000000003,0.6569062968791656,0.66802824,0.011121938556320266
0.18333333333333335,0.35000000000000003,0.6407869666290679,0.6523312,0.011544206790884526
0.19666666666666666,0.35000000000000003,0.6248791393464783,0.63674283,0.01186369093001094
0.20999999999999996,0.35000000000000003,0.6091828150313967,0.6212698,0.012087007089269797
0.22333333333333333,0.35000000000000003,0.5938565107514885,0.6059185,0.012062015897986611
0.23666666666666664,0.35000000000000003,0.5787351250834673,0.59069574,0.011960613708952184
0.25,0.35000000000000003,0.5638186580273327,0.5756073,0.011788641777354836
0.2633333333333333,0.35000000000000003,0.5492562758804979,0.5606593,0.01140301347954853
0.27666666666666667,0.35000000000000003,0.53486408589226,0.5458576,0.01099352242606888
0.29,0.35000000000000003,0.5206420880626192,0.5312076,0.010565533034945451
0.3033333333333333,0.35000000000000003,0.506737307969284,0.5167145,0.009977205332565409
0.31666666666666665,0.35000000000000003,0.49299124198135463,0.5023833,0.009392049739989361
0.32999999999999996,0.35000000000000003,0.47940389009883144,0.48821837,0.00881447700093052
0.3433333333333333,0.35000000000000003,0.4660991791077906,0.47422403,0.008124851863736515
0.35666666666666663,0.35000000000000003,0.4529382663028665,0.4604038,0.007465533707814664
0.36999999999999994,0.35000000000000003,0.4399211516840591,0.44676098,0.006839830590950058
0.3833333333333333,0.35000000000000003,0.42714334797138803,0.43329835,0.006155001409105132
0.3966666666666666,0.35000000000000003,0.4144972428012534,0.42001802,0.00552077449076932
0.41,0.35000000000000003,0.4019828361736551,0.40692163,0.004938788963674001
0.4233333333333333,0.35000000000000003,0.38971563270227116,0.39401007,0.00429443428381282
0.43666666666666665,0.35000000000000003,0.37755504178106375,0.38128346,0.003728420266513155
0.44999999999999996,0.35000000000000003,0.36550106341003297,0.3687413,0.0032402402722943036
0.4633333333333333,0.35000000000000003,0.353678529663654,0.3563819,0.002703363494305
0.4766666666666666,0.35000000000000003,0.34196192697839156,0.34420297,0.0022410385195790195
0.48999999999999994,0.35000000000000003,0.33035125535424553,0.33220083,0.0018495698601404542
0.5033333333333333,0.35000000000000003,0.3189179882122045,0.3203709,0.0014529243396753655
0.5166666666666666,0.35000000000000003,0.3075822122988391,0.30870715,0.0011249355378460946
0.53,0.35000000000000003,0.296343927614149,0.29720217,0.0008582422810231027
0.5433333333333333,0.35000000000000003,0.28530248300750627,0.28584698,0.0005444954184733453
0.5566666666666666,0.35000000000000003,0.2743482354444408,0.27463126,0.0002830263811207101
0.5700000000000001,0.35000000000000003,0.26348118492495265,0.26354277,6.158641446385449e-05
0.5833333333333334,0.35000000000000003,0.2527690290131611,0.2525678,0.00020123111391490145
0.5966666666666667,0.35000000000000003,0.24214018480838584,0.24169101,0.00044917659820364886
0.61,0.35000000000000003,0.23159465231062684,0.23089619,0.0006984625017813217
0.6233333333333333,0.35000000000000003,0.22120847517873019,0.22016597,0.0010425072374460054
0.6366666666666667,0.35000000000000003,0.2108897199720395,0.20948344,0.001406275281335162
0.65,0.35000000000000003,0.20063838669055503,0.19883285,0.0018055320619921045
0.6633333333333333,0.35000000000000003,0.19051533616301405,0.1882015,0.002313834197491288
0.6766666666666666,0.35000000000000003,0.1804749554686257,0.17758197,0.00289298954531636
0.69,0.35000000000000003,0.17051724460738993,0.16697447,0.0035427745880494133
0.7033333333333334,0.35000000000000003,0.16066532841942643,0.15639028,0.004275048887947552
0.7166666666666667,0.35000000000000003,0.15089090020464377,0.14585447,0.005036427090630097
0.73,0.35000000000000003,0.14119395996304185,0.13540849,0.005785469066816873
0.7433333333333333,0.35000000000000003,0.1315731488164168,0.1251117,0.006461449712107714
0.7566666666666667,0.35000000000000003,0.1220316576415932,0.115040176,0.0069914820248520165
0.77,0.35000000000000003,0.11256948643857125,0.10528365,0.007285838662921221
0.7833333333333333,0.35000000000000003,0.10322082447483284,0.09593923,0.007281598026296923
0.7966666666666666,0.35000000000000003,0.0939093268070494,0.08710298,0.0068063473854338
0.8099999999999999,0.35000000000000003,0.08463499343522093,0.078860156,0.005774837197141863
0.8233333333333334,0.35000000000000003,0.07547923923335402,0.07127662,0.004202619202950883
0.8366666666666667,0.35000000000000003,0.0663782942571423,0.064392634,0.0019856605210087225
0.85,0.35000000000000003,0.05733215850658568,0.058220234,0.0008880752616390389
0.05,0.375,0.8053551711083395,0.8005891,0.0047660864830954
0.06333333333333334,0.375,0.7862138586489037,0.78440136,0.0018125014749840185
0.07666666666666666,0.375,0.7673861906098387,0.76825935,0.0008731558752992363
0.09,0.375,0.7488721669911447,0.75216967,0.003297501683324322
0.10333333333333333,0.375,0.7309335009218174,0.7361391,0.005205617749599822
0.11666666666666667,0.375,0.7132621763304869,0.7201747,0.006912493888934446
0.13,0.375,0.695858193217153,0.7042831,0.008424925030832808
0.1433333333333333,0.375,0.6789664287669874,0.68847126,0.009504828919627561
0.15666666666666668,0.375,0.6623119466130855,0.67274606,0.010434115665662103
0.16999999999999998,0.375,0.6458947467554472,0.6571143,0.011219580198440715
0.18333333333333335,0.375,0.6299270730301966,0.64158285,0.011655773611343956
0.19666666666666666,0.375,0.6141732684012163,0.62615806,0.011984790242124732
0.20999999999999996,0.375,0.5986333328685063,0.6108469,0.012213544229577211
0.22333333333333333,0.375,0.5834772223727547,0.5956557,0.012178457330004111
0.23666666666666664,0.375,0.5685091282476779,0.5805906,0.012081477488100956
0.25,0.375,0.5537290504932756,0.5656581,0.01192904200550371
0.2633333333333333,0.375,0.5393079331369071,0.5508639,0.011555988505396408
0.27666666666666667,0.375,0.5250542805399849,0.53621376,0.01115947506762005
0.29,0.375,0.5109680927025092,0.521713,0.010744925714849196
0.3033333333333333,0.375,0.49720059916466897,0.50736725,0.010166654138858866
0.31666666666666665,0.375,0.4835816255805825,0.4931809,0.009599275231566562
0.32999999999999996,0.375,0.4701111719502498,0.4791587,0.009047527562231872
0.3433333333333333,0.375,0.4569246441675932,0.4653046,0.008379968945810112
0.35666666666666663,0.375,0.44387804383090823,0.45162243,0.007744382678948947
0.36999999999999994,0.375,0.43097137094019466,0.43811524,0.007143868203176917
0.3833333333333333,0.375,0.41831051723082946,0.42478585,0.006475335201421517
0.3966666666666666,0.375,0.4057738018320875,0.41163632,0.005862520904652613
0.41,0.375,0.3933612247439688,0.3986682,0.005306975033634365
0.4233333333333333,0.375,0.3811918412903876,0.38588223,0.004690387322512202
0.43666666666666665,0.375,0.36913110419445505,0.3732786,0.00414748386210928
0.44999999999999996,0.375,0.3571790134561713,0.3608564,0.003677400385076246
0.4633333333333333,0.375,0.34543520732790334,0.348614,0.0031787999066700268
0.4766666666666666,0.375,0.3338006825554713,0.33654872,0.002748033274377948
0.48999999999999994,0.375,0.32227543913887513,0.3246567,0.002381255988612052
0.5033333333333333,0.375,0.31093122388744604,0.31293294,0.00200171444988001
0.5166666666666666,0.375,0.2996771077841664,0.30137095,0.0016938407689189305
0.53,0.375,0.28851309082903603,0.28996307,0.0014499757488753429
0.5433333333333333,0.375,0.277546484237962,0.2786996,0.001153122419066177
0.5566666666666666,0.375,0.2666628671267177,0.26756993,0.0009070622346256663
0.5700000000000001,0.375,0.2558622394953034,0.25656116,0.0006989205922820485
0.5833333333333334,0.375,0.24521725289236646,0.24565919,0.0004419345437373656
0.5966666666666667,0.375,0.2346515234999641,0.23484838,0.0001968565888420537
0.61,0.375,0.22416505131809625,0.22411226,5.2793956684199506e-05
0.6233333333333333,0.375,0.2138252766882105,0.21343389,0.0003913851534051993
0.6366666666666667,0.375,0.2035599143613856,0.20279713,0.0007627846111338266
0.65,0.375,0.1933689643376219,0.19218785,0.0011811186306822097
0.6633333333333333,0.375,0.1833074391807323,0.18159589,0.0017115474666362374
0.6766666666666666,0.375,0.17332020300759607,0.17101766,0.0023025413168840936
0.69,0.375,0.16340725581821322,0.16045871,0.002948542048300501
0.7033333333333334,0.375,0.15360631193332996,0.1499369,0.0036694123905214315
0.7166666666666667,0.375,0.143874248403506,0.13948521,0.004389038223223396
0.73,0.375,0.13421106522874116,0.12915367,0.005057396348278509
0.7433333333333333,0.375,0.12464743977680146,0.11900983,0.005637609719180453
0.7566666666666667,0.375,0.11514758844814259,0.10913654,0.006011051730727732
0.77,0.375,0.10571151124276475,0.099627286,0.006084225047009742
0.7833333333333333,0.375,0.09638191371903101,0.09057879,0.005803126690241495
0.7966666666666666,0.375,0.08709957646848376,0.08208194,0.005017640168682891
0.8099999999999999,0.375,0.07786449949112298,0.07421233,0.0036521718915975276
0.8233333333333334,0.375,0.06874232841202746,0.067022756,0.0017195726699544
0.8366666666666667,0.375,0.05966755445131566,0.060538854,0.0008712999986717485
0.85,0.375,0.05064017760898751,0.05475859,0.004118412105778041
0.05,0.4,0.7926814264450964,0.7872591,0.005422324577420645
0.06333333333333334,0.4,0.7737366794128528,0.7712496,0.0024870871086231094
0.07666666666666666,0.4,0.7551028545134933,0.75528544,0.00018258736196441472
0.09,0.4,0.7367799517470179,0.739373,0.002593076531332894
0.10333333333333333,0.4,0.7190314354072094,0.7235196,0.004488187872362159
0.11666666666666667,0.4,0.7015457848513954,0.7077316,0.006185819724715436
0.13,0.4,0.6843230000795761,0.69201547,0.0076924689946731295
0.1433333333333333,0.4,0.6675971214977575,0.67637855,0.008781426647536672
0.15666666666666668,0.4,0.6511171870151417,0.66082734,0.009710151680384471
0.16999999999999998,0.4,0.6348831966317287,0.6453686,0.010485379418076035
0.18333333333333335,0.4,0.6190671794313253,0.6300089,0.010941696892374675
0.19666666666666666,0.4,0.6034673974559543,0.6147551,0.011287696595406738
0.20999999999999996,0.4,0.5880838507056159,0.5996136,0.01152975622416319
0.22333333333333333,0.4,0.5730979339940209,0.5845908,0.011492858661923955
0.23666666666666664,0.4,0.5582831314118885,0.56969315,0.01141001672425046
0.25,0.4,0.5436394429592184,0.55492663,0.011287190875620468
0.2633333333333333,0.4,0.5293595903933164,0.54029703,0.01093744100927152
0.27666666666666667,0.4,0.5152444751877099,0.5258101,0.010565647302219316
0.29,0.4,0.5012940973423992,0.51147145,0.010177352986427746
0.3033333333333333,0.4,0.487663890360054,0.49728608,0.009622190954032939
0.31666666666666665,0.4,0.4741720091798103,0.48325884,0.009086834242125752
0.32999999999999996,0.4,0.46081845380166814,0.4693942,0.008575753199064284
0.3433333333333333,0.4,0.44775010922739583,0.45569623,0.00794611593892497
0.35666666666666663,0.4,0.4348178213589499,0.4421686,0.0073507720477273275
0.36999999999999994,0.4,0.42202159019633023,0.4288144,0.006792820966999846
0.3833333333333333,0.4,0.40947768649027083,0.41563633,0.0061586443527009704
0.3966666666666666,0.4,0.3970503608629216,0.40263635,0.0055859883382807785
0.41,0.4,0.38473961331428247,0.389816,0.005076372842181154
0.4233333333333333,0.4,0.37266804987850394,0.37717587,0.004507817679021697
0.43666666666666665,0.4,0.3607071666078463,0.36471584,0.0040086777849301924
0.44999999999999996,0.4,0.34885696350230966,0.35243496,0.003577999485590122
0.4633333333333333,0.4,0.3371918849921527,0.3403313,0.003139401199787617
0.4766666666666666,0.4,0.32563943813255103,0.3284019,0.002762455244753048
0.48999999999999994,0.4,0.31419962292350473,0.31664246,0.002442840283740144
0.5033333333333333,0.4,0.30294445956268756,0.30504778,0.002103320712657286
0.5166666666666666,0.4,0.2917720032694937,0.29361075,0.0018387483593820253
0.53,0.4,0.28068225404392305,0.28232312,0.001640867980613081
0.5433333333333333,0.4,0.26979048546841766,0.271175,0.0013845116228756726
0.5566666666666666,0.4,0.2589774988089947,0.26015478,0.0011772849167438482
0.5700000000000001,0.4,0.24824329406565412,0.24924928,0.0010059854333998308
0.5833333333333334,0.4,0.23766547677157182,0.23844382,0.0007783448970530571
0.5966666666666667,0.4,0.22716286219154233,0.22772257,0.0005597081085599032
0.61,0.4,0.21673545032556565,0.21706907,0.0003336241859623612
0.6233333333333333,0.4,0.20644207819769075,0.20646685,2.4775420931072434e-05
0.6366666666666667,0.4,0.1962301087507317,0.1959008,0.00032931090679860775
0.65,0.4,0.18609954198468873,0.18535887,0.0007406749354715025
0.6633333333333333,0.4,0.17609954219845053,0.17483394,0.0012656037190270086
0.6766666666666666,0.4,0.16616545054656645,0.16432674,0.0018387082551159506
0.69,0.4,0.15629726702903649,0.15384862,0.0024486487600698104
0.7033333333333334,0.4,0.14654729544723347,0.14342448,0.0031228142937453074
0.7166666666666667,0.4,0.13685759660236815,0.13309537,0.0037622278594253433
0.73,0.4,0.12722817049444046,0.12291936,0.004308812181356814
0.7433333333333333,0.4,0.11772173073718609,0.11297139,0.004750342933631552
0.7566666666666667,0.4,0.10826351925469196,0.103339314,0.00492420479393757
0.77,0.4,0.09885353604695823,0.09411822,0.004735313452697065
0.7833333333333333,0.4,0.08954300296322916,0.08540189,0.00414111030118082
0.7966666666666666,0.4,0.08028982612991808,0.07727368,0.0030161443700837953
0.8099999999999999,0.4,0.07109400554702502,0.06979771,0.0012962959627888793
0.8233333333333334,0.4,0.06200541759070088,0.06301295,0.0010075325316555375
0.8366666666666667,0.4,0.05295681464548901,0.056930818,0.003974003018180579
0.85,0.4,0.04394819671138933,0.05153644,0.007588244137914868
0.05,0.42500000000000004,0.7791847490371435,0.77305394,0.006130804926273159
0.06333333333333334,0.42500000000000004,0.7604127292626358,0.75722504,0.0031876926415420614
0.07666666666666666,0.42500000000000004,0.741954126160673,0.74144167,0.0005124590807474849
0.09,0.42500000000000004,0.7238089397312549,0.7257104,0.0019014522670360856
0.10333333333333333,0.42500000000000004,0.7062198820790384,0.71003807,0.0038181838313009475
0.11666666666666667,0.42500000000000004,0.6888993583976081,0.69443125,0.005531886929387775
0.13,0.42500000000000004,0.6718473686869642,0.67889667,0.007049296886155965
0.1433333333333333,0.42500000000000004,0.6553010673313924,0.66344076,0.008139696618955528
0.15666666666666668,0.42500000000000004,0.6389888731209985,0.6480706,0.009081700685764194
0.16999999999999998,0.42500000000000004,0.6229107860557828,0.6327927,0.009881925202151809
0.18333333333333335,0.42500000000000004,0.6072578310622345,0.6176138,0.010355961357199073
0.19666666666666666,0.42500000000000004,0.5918125086580193,0.60254055,0.01072804395810012
0.20999999999999996,0.42500000000000004,0.5765748188431369,0.58757913,0.011004312283266926
0.22333333333333333,0.42500000000000004,0.5617207388666365,0.5727363,0.011015584013154722
0.23666666666666664,0.42500000000000004,0.5470480110552385,0.558018,0.01097001768087602
0.25,0.42500000000000004,0.5325566354089426,0.5434306,0.0108739909834219
0.2633333333333333,0.42500000000000004,0.5184138637732831,0.52897984,0.010565974121156563
0.27666666666666667,0.42500000000000004,0.5044314656562745,0.5146712,0.010239740818029697
0.29,0.42500000000000004,0.49060944105791693,0.50051033,0.009900893910649966
0.3033333333333333,0.42500000000000004,0.4771042197907928,0.48650232,0.009398099783563263
0.31666666666666665,0.42500000000000004,0.463734012118196,0.47265178,0.008917767533445864
0.32999999999999996,0.42500000000000004,0.45049881804012626,0.45896325,0.008464427113300865
0.3433333333333333,0.42500000000000004,0.4375536205457845,0.44544083,0.007887208254416911
0.35666666666666663,0.42500000000000004,0.4247375336281117,0.432088,0.00735045403325002
0.36999999999999994,0.42500000000000004,0.4120505572871077,0.41890776,0.0068572042866837934
0.3833333333333333,0.42500000000000004,0.3996090064706622,0.40590286,0.006293856078165905
0.3966666666666666,0.42500000000000004,0.3872860656700585,0.39307496,0.005788893846466747
0.41,0.42500000000000004,0.3750817348852965,0.38042542,0.005343688498416266
0.4233333333333333,0.42500000000000004,0.36311199946990713,0.36795476,0.004842761319964084
0.43666666666666665,0.42500000000000004,0.35124627658882157,0.35566264,0.004416367320632775
0.44999999999999996,0.42500000000000004,0.3394845662420398,0.3435478,0.004063225000559667
0.4633333333333333,0.42500000000000004,0.32791788188866833,0.33160794,0.003690055924136848
0.4766666666666666,0.42500000000000004,0.31645220654039385,0.31983972,0.003387509417247747
0.48999999999999994,0.42500000000000004,0.3050875401972163,0.3082385,0.0031509661199223826
0.5033333333333333,0.42500000000000004,0.29390873298927267,0.2967984,0.0028896750421909534
0.5166666666666666,0.42500000000000004,0.2828195775713264,0.28551194,0.0026923631463707243
0.53,0.42500000000000004,0.2718200739433776,0.27437025,0.0025501791427124942
0.5433333333333333,0.42500000000000004,0.2609882382283386,0.2633627,0.0023744674792114395
0.5566666666666666,0.42500000000000004,0.25023679552658573,0.25247717,0.002240373510279503
0.5700000000000001,0.42500000000000004,0.23956574583811902,0.24169983,0.0021340838594899325
0.5833333333333334,0.42500000000000004,0.22905003087673625,0.23101568,0.0019656513437227296
0.5966666666666667,0.42500000000000004,0.21861491531782207,0.22040863,0.0017937180335039216
0.61,0.42500000000000004,0.20826039916137645,0.2098623,0.0016019075526814697
0.6233333333333333,0.42500000000000004,0.19802601820132487,0.19936095,0.0013349335799480166
0.6366666666666667,0.42500000000000004,0.18786929509691824,0.18889092,0.0010216239923990789
0.65,0.42500000000000004,0.1777902298481568,0.1784424,0.0006521738259688825
0.6633333333333333,0.42500000000000004,0.1678404982612805,0.16801192,0.0001714204026980748
0.6766666666666666,0.42500000000000004,0.15795510154189213,0.157605,0.00035009425105198
0.69,0.42500000000000004,0.14813403968999167,0.14723924,0.0008948016662337355
0.7033333333333334,0.42500000000000004,0.13842429710912107,0.13694681,0.0014774848370492366
0.7166666666666667,0.42500000000000004,0.12877490098876657,0.12677656,0.001998339847752467
0.73,0.42500000000000004,0.11918585132892798,0.11679424,0.002391607873994811
0.7433333333333333,0.42500000000000004,0.10972309612767613,0.10708069,0.0026424055649510586
0.7566666666666667,0.42500000000000004,0.10030461850903913,0.09772712,0.002577498586401189
0.77,0.42500000000000004,0.09093041847301717,0.088827744,0.002102674346697281
0.7833333333333333,0.42500000000000004,0.08165698936983717,0.08047116,0.0011858313421882483
0.7966666666666666,0.42500000000000004,0.07243939869039392,0.072731234,0.00029183544284963614
0.8099999999999999,0.42500000000000004,0.06327764643468743,0.065659545,0.0023818989273082652
0.8233333333333334,0.42500000000000004,0.05421012853331292,0.05928117,0.005071041834881662
0.8366666666666667,0.42500000000000004,0.04518318492606563,0.053594217,0.008411031778302963
0.85,0.42500000000000004,0.03619681561294546,0.04857275,0.01237593328651438
0.05,0.45,0.7656880716291905,0.7579729,0.007715175530099927
0.06333333333333334,0.45,0.7470887791124189,0.7423289,0.004759896895011662
0.07666666666666666,0.45,0.7288053978078527,0.7267313,0.002074097453848789
0.09,0.45,0.7108379277154919,0.7111871,0.0003491965368274119
0.10333333333333333,0.45,0.6934083287508673,0.6957024,0.002294045230608499
0.11666666666666667,0.45,0.6762529319438207,0.68028426,0.004031329759670466
0.13,0.45,0.6593717372943522,0.66493917,0.005567427821004278
0.1433333333333333,0.45,0.6430050131650272,0.6496737,0.006668687167614373
0.15666666666666668,0.45,0.6268605592268555,0.6344948,0.007634222267285162
0.16999999999999998,0.45,0.610938375479837,0.61940897,0.008470589630941827
0.18333333333333335,0.45,0.5954484826931439,0.60442287,0.008974384604982344
0.19666666666666666,0.45,0.5801576198600843,0.58954304,0.00938542470702386
0.20999999999999996,0.45,0.5650657869806579,0.57477593,0.009710147238702449
0.22333333333333333,0.45,0.5503435437392523,0.560128,0.009784429817266238
0.23666666666666664,0.45,0.5358128906985887,0.54560524,0.009792351553761125
0.25,0.45,0.5214738278586667,0.53121394,0.009740111331244194
0.2633333333333333,0.45,0.5074681371532499,0.5169599,0.00949176847113975
0.27666666666666667,0.45,0.49361845612483923,0.50284857,0.00923010945362146
0.29,0.45,0.47992478477343464,0.48888552,0.008960737115298267
0.3033333333333333,0.45,0.4665445492215317,0.47507557,0.008531023507579005
0.31666666666666665,0.45,0.4532960150565816,0.46142367,0.008127650228528849
0.32999999999999996,0.45,0.44017918227858444,0.44793394,0.007754759800959632
0.3433333333333333,0.45,0.42735713186417323,0.43461046,0.007253324364082991
0.35666666666666663,0.45,0.4146572458972735,0.42145663,0.006799389101048048
0.36999999999999994,0.45,0.40207952437788524,0.4084754,0.00639587463944874
0.3833333333333333,0.45,0.38974032645105355,0.39566907,0.005928746415386266
0.3966666666666666,0.45,0.37752177047719543,0.38303939,0.005517614603142096
0.41,0.45,0.36542385645631065,0.37058735,0.005163492481677634
0.4233333333333333,0.45,0.3535559490613104,0.35831323,0.004757283598983197
0.43666666666666665,0.45,0.3417853865697968,0.3462163,0.004430904619396936
0.44999999999999996,0.45,0.33011216898177004,0.33429495,0.004182776019832135
0.4633333333333333,0.45,0.3186438787851841,0.32254648,0.0039026033009975647
0.4766666666666666,0.45,0.3072649749482367,0.31096706,0.0037020829951074363
0.48999999999999994,0.45,0.2959754574709279,0.29955155,0.003576089102711011
0.5033333333333333,0.45,0.2848730064158577,0.28829333,0.0034203254456382504
0.5166666666666666,0.45,0.2738671518731592,0.2771844,0.003317245109033806
0.53,0.45,0.2629578938428322,0.26621515,0.0032572517450889515
0.5433333333333333,0.45,0.25218599098825956,0.25537416,0.0031881724009463763
0.5566666666666666,0.45,0.2414960922441768,0.24464878,0.0031526921548557796
0.5700000000000001,0.45,0.23088819761058396,0.23402463,0.0031364313862650983
0.5833333333333334,0.45,0.22043458498190072,0.22348608,0.0030514957838234658
0.5966666666666667,0.45,0.2100669684441018,0.213017,0.0029500333039832183
0.61,0.45,0.19978534799718725,0.20260134,0.002815995396138554
0.6233333333333333,0.45,0.189609958204959,0.19222422,0.00261426123645489
0.6366666666666667,0.45,0.17950848144310483,0.18187375,0.0023652722237729185
0.65,0.45,0.16948091771162488,0.17154288,0.0020619652076866446
0.6633333333333333,0.45,0.1595814543241105,0.16123213,0.0016506744152464947
0.6766666666666666,0.45,0.1497447525372178,0.15095235,0.0012076015363066683
0.69,0.45,0.13997081235094683,0.14072756,0.0007567523415504263
0.7033333333333334,0.45,0.13030129877100874,0.13059741,0.0002961138152034193
0.7166666666666667,0.45,0.120692205375165,0.12061829,7.391417595768723e-05
0.73,0.45,0.11114353216341549,0.1108626,0.0002809343402724873
0.7433333333333333,0.45,0.10172446151816618,0.10141578,0.0003086783512808028
0.7566666666666667,0.45,0.09234571776338633,0.09237025,2.4531567611132954e-05
0.77,0.45,0.0830073008990761,0.08381736,0.000810061886263258
0.7833333333333333,0.45,0.0737709757764452,0.07583847,0.0020674931924230533
0.7966666666666666,0.45,0.06458897125086979,0.06849656,0.003907591289661366
0.8099999999999999,0.45,0.05546128732234987,0.061830178,0.006368890580825487
0.8233333333333334,0.45,0.046414839475924986,0.05585115,0.00943631082815407
0.8366666666666667,0.45,0.037409555206642256,0.0505456,0.013136044104947939
0.85,0.45,0.028445434514501603,0.04587844,0.017433005627176253
0.05,0.47500000000000003,0.75151384093156,0.742033,0.009480836170817852
0.06333333333333334,0.47500000000000003,0.7330657832618571,0.726581,0.006484805821976747
0.07666666666666666,0.47500000000000003,0.7149303975884924,0.7111774,0.0037529888932714695
0.09,0.47500000000000003,0.6971076839114663,0.6958289,0.001278769269132285
0.10333333333333333,0.47500000000000003,0.679840226939345,0.6805422,0.0007019440620893436
0.11666666666666667,0.47500000000000003,0.662841656105509,0.66532385,0.002482197387227769
0.13,0.47500000000000003,0.6461119714099588,0.65018034,0.004068368403273626
0.1433333333333333,0.47500000000000003,0.6298770918882601,0.6351184,0.005241333004165405
0.15666666666666668,0.47500000000000003,0.6138729121699669,0.62014496,0.006272051094498465
0.16999999999999998,0.47500000000000003,0.5980994322550788,0.60526633,0.007166900371263996
0.18333333333333335,0.47500000000000003,0.5827412932897584,0.5904893,0.007748034617803823
0.19666666666666666,0.47500000000000003,0.5675855791679836,0.57582045,0.008234866846420719
0.20999999999999996,0.47500000000000003,0.552632289889754,0.56126595,0.008633655544816321
0.22333333333333333,0.47500000000000003,0.5380500980281882,0.5468323,0.00878222504615267
0.23666666666666664,0.47500000000000003,0.5236523514872358,0.5325257,0.008873366724891918
0.25,0.47500000000000003,0.5094390502668963,0.5183522,0.00891316025480171
0.2633333333333333,0.47500000000000003,0.4955614256778794,0.5043172,0.0087557983478469
0.27666666666666667,0.47500000000000003,0.48183262290387235,0.4904266,0.00859397707552828
0.29,0.47500000000000003,0.46825264194487515,0.47668558,0.008432941646586034
0.3033333333333333,0.47500000000000003,0.45499406952185417,0.46309903,0.008104963118602981
0.31666666666666665,0.47500000000000003,0.44186254609785824,0.4496716,0.007809050190822786
0.32999999999999996,0.47500000000000003,0.4288580716728874,0.4364074,0.007549315583734895
0.3433333333333333,0.47500000000000003,0.41613539857357984,0.42331022,0.007174821667966791
0.35666666666666663,0.47500000000000003,0.40354089695565853,0.41038334,0.006842446740935704
0.36999999999999994,0.47500000000000003,0.39107456681912334,0.39762935,0.006554783604689529
0.3833333333333333,0.47500000000000003,0.3788353025050981,0.3850505,0.006215202894605865
0.3966666666666666,0.47500000000000003,0.3667171260312698,0.3726481,0.005930964092860425
0.41,0.47500000000000003,0.3547200373976385,0.3604228,0.0057027526528680705
0.4233333333333333,0.47500000000000003,0.3429347422003316,0.34837452,0.0054397735715342455
0.43666666666666665,0.47500000000000003,0.33125225029262473,0.33650208,0.005249824902687772
0.44999999999999996,0.47500000000000003,0.31967256167451813,0.3248034,0.005130850286083677
0.4633333333333333,0.47500000000000003,0.3082799824574789,0.31327522,0.004995235552469834
0.4766666666666666,0.47500000000000003,0.29698206559793894,0.30191308,0.004931017001700955
0.48999999999999994,0.47500000000000003,0.2857788110958984,0.29071113,0.004932323576266495
0.5033333333333333,0.47500000000000003,0.2747583802827908,0.27966213,0.004903751980392779
0.5166666666666666,0.47500000000000003,0.2638270649114614,0.2687573,0.004930248578452534
0.53,0.47500000000000003,0.25298486498191003,0.2579862,0.005001322952965459
0.5433333333333333,0.47500000000000003,0.24228683079043684,0.24733661,0.005049780361258416
0.5566666666666666,0.47500000000000003,0.23166482006732528,0.23679522,0.005130396731457071
0.5700000000000001,0.47500000000000003,0.22111883281257527,0.22634694,0.005228106989594528
0.5833333333333334,0.47500000000000003,0.21073094972501585,0.21597593,0.005244975601331497
0.5966666666666667,0.47500000000000003,0.20042016234742255,0.20566587,0.005245709153546385
0.61,0.47500000000000003,0.19018647067979533,0.19540128,0.005214810438597617
0.6233333333333333,0.47500000000000003,0.18006926843219628,0.18516843,0.005099161776963568
0.6366666666666667,0.47500000000000003,0.17002635785261092,0.17495747,0.004931111253109605
0.65,0.47500000000000003,0.16005773894103936,0.16476463,0.004706888873253545
0.6633333333333333,0.47500000000000003,0.15019749656868633,0.15459482,0.00439732714938465
0.6766666666666666,0.47500000000000003,0.14040311077948586,0.14446467,0.004061560832300026
0.69,0.47500000000000003,0.13067458157343803,0.13440491,0.0037303310175424986
0.7033333333333334,0.47500000000000003,0.12105964039125428,0.124462545,0.0034029045268060276
0.7166666666666667,0.47500000000000003,0.11149332956117732,0.11470093,0.0032075987692441327
0.73,0.47500000000000003,0.10197564908320711,0.10519808,0.003222428774287245
0.7433333333333333,0.47500000000000003,0.09258682119153742,0.09604255,0.0034557299087166343
0.7566666666666667,0.47500000000000003,0.08323789579097007,0.087325975,0.004088079507911457
0.77,0.47500000000000003,0.07392887288150521,0.0791349,0.0052060235160854285
0.7833333333333333,0.47500000000000003,0.06473339225440454,0.07154187,0.006808475895829683
0.7966666666666666,0.47500000000000003,0.05557995593735329,0.064598225,0.009018269119771799
0.8099999999999999,0.47500000000000003,0.04646856393035147,0.05832961,0.011861044361036091
0.8233333333333334,0.47500000000000003,0.03745594550822878,0.05273552,0.015279573155892845
0.8366666666666667,0.47500000000000003,0.028479797578899832,0.047791865,0.019312067144067316
0.85,0.47500000000000003,0.01954012014236455,0.04345619,0.023916069192028
0.05,0.5,0.7373396102339298,0.72527575,0.012063855305340931
0.06333333333333334,0.5,0.7190427874112953,0.71002704,0.00901574836023944
0.07666666666666666,0.5,0.7010553973691322,0.69482976,0.006225635387168138
0.09,0.5,0.6833774401074406,0.6796907,0.0036867214566227435
0.10333333333333333,0.5,0.6662721251278226,0.66461635,0.0016557787685697045
0.11666666666666667,0.5,0.6494303802671976,0.6496133,0.0001829405602865597
0.13,0.5,0.6328522055255654,0.6346882,0.001835993040871342
0.1433333333333333,0.5,0.6167491706114931,0.6198478,0.0030986038941220873
0.15666666666666668,0.5,0.6008852651130782,0.60509855,0.004213280438221889
0.16999999999999998,0.5,0.5852604890303206,0.5904474,0.005186936811964582
0.18333333333333335,0.5,0.570034103886373,0.57590055,0.005866450770609433
0.19666666666666666,0.5,0.5550135384758829,0.56146467,0.006451128844368603
0.20999999999999996,0.5,0.5401987927988501,0.54714626,0.006947467939522722
0.22333333333333333,0.5,0.5257566523171242,0.5329513,0.007194643058699768
0.23666666666666664,0.5,0.5114918122758828,0.5188858,0.007393979025844488
0.25,0.5,0.4974042726751258,0.50495595,0.0075516747240135795
0.2633333333333333,0.5,0.48365471420250894,0.49116722,0.007512503290548311
0.27666666666666667,0.5,0.47004678968290553,0.4775251,0.007478295527894641
0.29,0.5,0.45658049911631576,0.46403447,0.0074539688192463704
0.3033333333333333,0.5,0.44344358982217663,0.45070028,0.007256693228360478
0.31666666666666665,0.5,0.4304290771391348,0.43752694,0.0070978641603036685
0.32999999999999996,0.5,0.41753696106719046,0.42451814,0.00698117710305185
0.3433333333333333,0.5,0.40491366528298656,0.4116777,0.006764023077227677
0.35666666666666663,0.5,0.3924245480140436,0.39900827,0.006583726064325557
0.36999999999999994,0.5,0.3800696092603615,0.38651237,0.006442759657103725
0.3833333333333333,0.5,0.3679302785591427,0.3741917,0.006261422853058252
0.3966666666666666,0.5,0.35591248158534433,0.36204714,0.006134654244581206
0.41,0.5,0.3440162183389664,0.35007906,0.006062841261863683
0.4233333333333333,0.5,0.3323135353393529,0.33828664,0.005973102920534823
0.43666666666666665,0.5,0.3207191140154528,0.32666826,0.005949148466236676
0.44999999999999996,0.5,0.3092329543672663,0.3152212,0.005988236085309406
0.4633333333333333,0.5,0.29791608612977366,0.3039415,0.00602540213621755
0.4766666666666666,0.5,0.2866991562476412,0.29282394,0.006124784267876993
0.48999999999999994,0.5,0.275582164720869,0.28186196,0.006279796167039942
0.5033333333333333,0.5,0.26464375414972396,0.27104744,0.006403689001750035
0.5166666666666666,0.5,0.2537869779497636,0.26037067,0.0065836937993513645
0.53,0.5,0.2430118361209879,0.24982043,0.006808589985465047
0.5433333333333333,0.5,0.23238767059261414,0.23938371,0.006996041818312676
0.5566666666666666,0.5,0.22183354789047377,0.22904631,0.00721276706428392
0.5700000000000001,0.5,0.21134946801456664,0.21879266,0.007443194009931348
0.5833333333333334,0.5,0.20102731446813102,0.20860659,0.007579271392121362
0.5966666666666667,0.5,0.1907733562507433,0.1984719,0.007698547550221063
0.61,0.5,0.18058759336240346,0.18837382,0.007786225631164961
0.6233333333333333,0.5,0.17052857865943363,0.17830007,0.007771489122968406
0.6366666666666667,0.5,0.16054423426211703,0.16824336,0.007699129237524388
0.65,0.5,0.15063456017045387,0.15820357,0.0075690118643819415
0.6633333333333333,0.5,0.14081353881326217,0.14819047,0.007376929736466226
0.6766666666666666,0.5,0.13106146902175397,0.13822679,0.007165323194546991
0.69,0.5,0.12137835079592928,0.12835021,0.006971862374122298
0.7033333333333334,0.5,0.11181798201149981,0.118614726,0.00679674375706632
0.7166666666666667,0.5,0.10229445374718966,0.10909018,0.006795725457751131
0.73,0.5,0.09280776600299877,0.09985898,0.007051210897578777
0.7433333333333333,0.5,0.08344918086490868,0.09101103,0.007561851597211372
0.7566666666666667,0.5,0.07413007381855383,0.082635485,0.008505410817276099
0.77,0.5,0.06485044486393436,0.07481243,0.009961982299189723
0.7833333333333333,0.5,0.0556958087323639,0.06760447,0.011908658540394586
0.7966666666666666,0.5,0.04657094062383681,0.061050996,0.014480055560512253
0.8099999999999999,0.5,0.03747584053835308,0.055165417,0.017689576954036598
0.8233333333333334,0.5,0.028497051540532593,0.049936194,0.02143914243229341
0.8366666666666667,0.5,0.019550039951157432,0.045330763,0.025780722912001747
0.85,0.5,0.010634805770227514,0.04130118,0.030666373907020487
