alpha,Mach,ci,omega_i,success,source,primary_ci,primary_omega_i,primary_success,primary_mismatch,secondary_ci,secondary_omega_i,secondary_success,secondary_stage1_mismatch,secondary_stage2_mismatch,ci_abs_diff,omega_abs_diff
0.02,0.0,0.9649500659068188,0.019299001318136375,True,primary,0.9649500659068188,0.019299001318136375,True,1.509149551857567e-07,,,,,,,
0.09,0.0,0.8515629767120177,0.0766406679040816,True,primary,0.8515629767120177,0.0766406679040816,True,6.935309972361595e-07,,,,,,,
0.15999999999999998,0.0,0.7505364177237347,0.12008582683579754,True,primary,0.7505364177237347,0.12008582683579754,True,1.3335603211254987e-06,,,,,,,
0.22999999999999995,0.0,0.6595525547897498,0.15169708760164244,True,primary,0.6595525547897498,0.15169708760164244,True,4.97842209120497e-06,,,,,,,
0.3,0.0,0.5768959252007521,0.17306877756022562,True,primary,0.5768959252007521,0.17306877756022562,True,2.836942618340138e-07,,,,,,,
0.37,0.0,0.5011155110680147,0.18541273909516542,True,primary,0.5011155110680147,0.18541273909516542,True,2.7698778214263475e-06,,,,,,,
0.43999999999999995,0.0,0.43110890041647887,0.18968791618325068,True,primary,0.43110890041647887,0.18968791618325068,True,2.21757796462288e-06,,,,,,,
0.5099999999999999,0.0,0.36599742499401694,0.1866586867469486,True,primary,0.36599742499401694,0.1866586867469486,True,1.509207427262231e-06,,,,,,,
0.58,0.0,0.30505118062436176,0.1769296847621298,True,primary,0.30505118062436176,0.1769296847621298,True,6.912928421018427e-07,,,,,,,
0.6499999999999999,0.0,0.2477046929955636,0.16100805044711633,True,primary,0.2477046929955636,0.16100805044711633,True,1.477265827215437e-06,,,,,,,
0.72,0.0,0.193424241699753,0.13926545402382215,True,primary,0.193424241699753,0.13926545402382215,True,4.846739749212597e-07,,,,,,,
0.7899999999999999,0.0,0.14185540730494364,0.11206577177090547,True,primary,0.14185540730494364,0.11206577177090547,True,1.2752742357610702e-06,,,,,,,
0.8599999999999999,0.0,0.09258170002587389,0.07962026202225153,True,secondary_neutral,0.09259277429319654,0.07962978589214902,True,3.8535182650747957e-08,0.09258170002587389,0.07962026202225153,True,5.9882737949001785e-05,5.539775706914555e-28,1.1074267322649933e-05,9.523869897484771e-06
0.9299999999999999,0.0,0.045402229713991805,0.04222407363401238,True,secondary_neutral,0.0453813138234774,0.04220462185583398,True,1.3998193033838355e-07,0.045402229713991805,0.04222407363401238,True,6.361535859662873e-05,6.634320212908709e-28,2.0915890514408564e-05,1.945177817840038e-05
1.0,0.0,0.0010442295105619946,0.0010442295105619946,True,secondary_neutral,0.0,0.0,True,0.0,0.0010442295105619946,0.0010442295105619946,True,0.009090048002252419,1.4115009291029042e-25,0.0010442295105619946,0.0010442295105619946
0.02,0.06999999999999999,0.9602875193585173,0.019205750387170345,True,primary,0.9602875193585173,0.019205750387170345,True,2.996536982526922e-07,,,,,,,
0.09,0.06999999999999999,0.847511179262698,0.07627600613364283,True,primary,0.847511179262698,0.07627600613364283,True,4.055098653237693e-07,,,,,,,
0.15999999999999998,0.06999999999999999,0.7469759758751829,0.11951615614002925,True,primary,0.7469759758751829,0.11951615614002925,True,5.901021927937978e-07,,,,,,,
0.22999999999999995,0.06999999999999999,0.65643228840091,0.15097942633220926,True,primary,0.65643228840091,0.15097942633220926,True,2.4132085807669623e-06,,,,,,,
0.3,0.06999999999999999,0.5740641384597819,0.17221924153793455,True,primary,0.5740641384597819,0.17221924153793455,True,1.473822312095252e-06,,,,,,,
0.37,0.06999999999999999,0.49855507085482975,0.184465376216287,True,primary,0.49855507085482975,0.184465376216287,True,7.743022645894868e-07,,,,,,,
0.43999999999999995,0.06999999999999999,0.4287755205462889,0.1886612290403671,True,primary,0.4287755205462889,0.1886612290403671,True,1.5980064076159817e-06,,,,,,,
0.5099999999999999,0.06999999999999999,0.36385492181508755,0.18556601012569462,True,primary,0.36385492181508755,0.18556601012569462,True,3.3801510508895544e-06,,,,,,,
0.58,0.06999999999999999,0.30305668882943176,0.1757728795210704,True,primary,0.30305668882943176,0.1757728795210704,True,1.0881849714719505e-06,,,,,,,
0.6499999999999999,0.06999999999999999,0.24581111056448085,0.15977722186691254,True,primary,0.24581111056448085,0.15977722186691254,True,4.928399257599601e-07,,,,,,,
0.72,0.06999999999999999,0.19165290665528842,0.13799009279180766,True,primary,0.19165290665528842,0.13799009279180766,True,1.3730685455414643e-06,,,,,,,
0.7899999999999999,0.06999999999999999,0.14014757106735776,0.11071658114321262,True,primary,0.14014757106735776,0.11071658114321262,True,1.2126673999812015e-06,,,,,,,
0.8599999999999999,0.06999999999999999,0.0909453880330697,0.07821303370843993,True,secondary_neutral,0.09092497212151215,0.07819547602450044,True,8.638685229170329e-07,0.0909453880330697,0.07821303370843993,True,4.716032158380077e-06,1.6585800532271773e-28,2.0415911557547517e-05,1.7557683939489754e-05
0.9299999999999999,0.06999999999999999,0.04380041638845841,0.04073438724126632,True,secondary_neutral,0.04378151264272993,0.04071680675773884,True,1.537962944567206e-07,0.04380041638845841,0.04073438724126632,True,3.325134525930055e-05,1.050959940980693e-27,1.8903745728479637e-05,1.758048352748509e-05
1.0,0.06999999999999999,0.0010442295105619946,0.0010442295105619946,True,secondary_neutral,0.0,0.0,True,0.0,0.0010442295105619946,0.0010442295105619946,True,0.0227259227065282,1.4995930263889346e-25,0.0010442295105619946,0.0010442295105619946
0.02,0.13999999999999999,0.946633083892712,0.018932661677854238,True,primary,0.946633083892712,0.018932661677854238,True,4.092914823792919e-09,,,,,,,
0.09,0.13999999999999999,0.835569824299108,0.07520128418691971,True,primary,0.835569824299108,0.07520128418691971,True,4.5585230017564787e-07,,,,,,,
0.15999999999999998,0.13999999999999999,0.7364713910568929,0.11783542256910284,True,primary,0.7364713910568929,0.11783542256910284,True,5.175123833213273e-07,,,,,,,
0.22999999999999995,0.13999999999999999,0.6470526797897498,0.14882211635164241,True,primary,0.6470526797897498,0.14882211635164241,True,4.924810488395482e-06,,,,,,,
0.3,0.13999999999999999,0.5656956860551879,0.16970870581655637,True,primary,0.5656956860551879,0.16970870581655637,True,1.979393298552623e-06,,,,,,,
0.37,0.13999999999999999,0.4909557088130262,0.1816536122608197,True,primary,0.4909557088130262,0.1816536122608197,True,1.3998543852387912e-07,,,,,,,
0.43999999999999995,0.13999999999999999,0.4218283059382851,0.18560445461284542,True,primary,0.4218283059382851,0.18560445461284542,True,3.0315762224097584e-06,,,,,,,
0.5099999999999999,0.13999999999999999,0.3574190286280536,0.1822837046003073,True,primary,0.3574190286280536,0.1822837046003073,True,8.948915226399817e-07,,,,,,,
0.58,0.13999999999999999,0.29705617978974985,0.1722925842780549,True,primary,0.29705617978974985,0.1722925842780549,True,7.195663946982234e-08,,,,,,,
0.6499999999999999,0.13999999999999999,0.24015282626632786,0.15609933707311308,True,primary,0.24015282626632786,0.15609933707311308,True,2.865522934495518e-06,,,,,,,
0.72,0.13999999999999999,0.1862827543054645,0.13412358309993444,True,primary,0.1862827543054645,0.13412358309993444,True,4.323901924008222e-08,,,,,,,
0.7899999999999999,0.13999999999999999,0.1350061141150257,0.1066548301508703,True,primary,0.1350061141150257,0.1066548301508703,True,3.825191901996733e-07,,,,,,,
0.8599999999999999,0.13999999999999999,0.08598387558249466,0.07394613300094541,True,secondary_neutral,0.08600646259266245,0.0739655578296897,True,4.1404300976048e-07,0.08598387558249466,0.07394613300094541,True,6.546376625738657e-05,5.539775706914555e-28,2.2587010167787747e-05,1.9424828744285527e-05
0.9299999999999999,0.13999999999999999,0.03900082833378181,0.03627077035041708,True,secondary_neutral,0.03898242266861322,0.0362536530818103,True,1.725613074166684e-08,0.03900082833378181,0.03627077035041708,True,0.00011705568729279896,9.663546088957395e-28,1.8405665168585994e-05,1.71172686067797e-05
1.0,0.13999999999999999,0.0,0.0,True,primary,0.0,0.0,True,0.0,0.0010442295105619946,0.0010442295105619946,False,0.0641461941957144,1.757455879087579e-25,0.0010442295105619946,0.0010442295105619946
0.02,0.20999999999999996,0.9250296494598377,0.018500592989196755,True,primary,0.9250296494598377,0.018500592989196755,True,9.421785540381783e-08,,,,,,,
0.09,0.20999999999999996,0.8165044744555487,0.07348540270099939,True,primary,0.8165044744555487,0.07348540270099939,True,1.1111219065051102e-06,,,,,,,
0.15999999999999998,0.20999999999999996,0.7195459982289835,0.11512735971663733,True,primary,0.7195459982289835,0.11512735971663733,True,4.095108750320348e-06,,,,,,,
0.22999999999999995,0.20999999999999996,0.6319119012488891,0.14533973728724445,True,primary,0.6319119012488891,0.14533973728724445,True,5.880961366656196e-07,,,,,,,
0.3,0.20999999999999996,0.5519973629195728,0.16559920887587185,True,primary,0.5519973629195728,0.16559920887587185,True,3.953644988228741e-07,,,,,,,
0.37,0.20999999999999996,0.4784880446970721,0.1770405765379167,True,primary,0.4784880446970721,0.1770405765379167,True,9.059539914091363e-07,,,,,,,
0.43999999999999995,0.20999999999999996,0.41036154260829544,0.18055907874764998,True,primary,0.41036154260829544,0.18055907874764998,True,2.2430181645508897e-06,,,,,,,
0.5099999999999999,0.20999999999999996,0.34677142359566837,0.17685342603379084,True,primary,0.34677142359566837,0.17685342603379084,True,1.952116122368175e-06,,,,,,,
0.58,0.20999999999999996,0.28711754812159723,0.16652817791052638,True,primary,0.28711754812159723,0.16652817791052638,True,3.324377429354125e-06,,,,,,,
0.6499999999999999,0.20999999999999996,0.2307569678286044,0.14999202908859283,True,primary,0.2307569678286044,0.14999202908859283,True,1.9583780052710026e-06,,,,,,,
0.72,0.20999999999999996,0.17732212891475335,0.1276719328186224,True,primary,0.17732212891475335,0.1276719328186224,True,1.1577948752644618e-06,,,,,,,
0.7899999999999999,0.20999999999999996,0.12642748467921372,0.09987771289657883,True,primary,0.12642748467921372,0.09987771289657883,True,1.0317934212716873e-06,,,,,,,
0.8599999999999999,0.20999999999999996,0.0776758650523821,0.06680124394504859,True,secondary_neutral,0.0776822521698734,0.06680673686609112,True,2.6130307908406314e-07,0.0776758650523821,0.06680124394504859,True,8.822904698157785e-05,1.135959703518257e-28,6.387117491304939e-06,5.4929210425297414e-06
0.9299999999999999,0.20999999999999996,0.03088427901380236,0.02872237948283619,True,secondary_neutral,0.03091139042050037,0.028747593091065345,True,6.351142477559191e-08,0.03088427901380236,0.02872237948283619,True,0.00010649189618835144,1.4927220479044596e-27,2.7111406698011875e-05,2.5213608229154166e-05
1.0,0.20999999999999996,0.0,0.0,True,primary,0.0,0.0,True,0.0,0.0010442295105619946,0.0010442295105619946,False,0.13494323852965232,2.2326656883927165e-25,0.0010442295105619946,0.0010442295105619946
0.02,0.27999999999999997,0.8968279330005029,0.01793655866001006,True,primary,0.8968279330005029,0.01793655866001006,True,2.1714195239629086e-07,,,,,,,
0.09,0.27999999999999997,0.7912691350191193,0.07121422215172074,True,primary,0.7912691350191193,0.07121422215172074,True,1.1235545661104906e-06,,,,,,,
0.15999999999999998,0.27999999999999997,0.6968650523224249,0.11149840837158796,True,primary,0.6968650523224249,0.11149840837158796,True,1.7018292069452979e-06,,,,,,,
0.22999999999999995,0.27999999999999997,0.6114346116699552,0.14062996068408967,True,primary,0.6114346116699552,0.14062996068408967,True,1.0884658865342126e-06,,,,,,,
0.3,0.27999999999999997,0.533352862433305,0.1600058587299915,True,primary,0.533352862433305,0.1600058587299915,True,4.745372232852624e-07,,,,,,,
0.37,0.27999999999999997,0.4613911785540709,0.17071473606500623,True,primary,0.4613911785540709,0.17071473606500623,True,2.1059953652273825e-06,,,,,,,
0.43999999999999995,0.27999999999999997,0.3945304280751176,0.17359338835305174,True,primary,0.3945304280751176,0.17359338835305174,True,2.9468014312635654e-07,,,,,,,
0.5099999999999999,0.27999999999999997,0.3320463141411345,0.16934362021197857,True,primary,0.3320463141411345,0.16934362021197857,True,5.379641329454187e-06,,,,,,,
0.58,0.27999999999999997,0.2732222984254361,0.15846893308675292,True,primary,0.2732222984254361,0.15846893308675292,True,6.409548904719176e-07,,,,,,,
0.6499999999999999,0.27999999999999997,0.2175949007050697,0.1414366854582953,True,primary,0.2175949007050697,0.1414366854582953,True,1.4726364982384221e-06,,,,,,,
0.72,0.27999999999999997,0.16476710081986667,0.118632312590304,True,primary,0.16476710081986667,0.118632312590304,True,1.591625478154085e-06,,,,,,,
0.7899999999999999,0.27999999999999997,0.11432604542854892,0.09031757588855364,True,primary,0.11432604542854892,0.09031757588855364,True,1.6102437010402301e-06,,,,,,,
0.8599999999999999,0.27999999999999997,0.0659530169619337,0.05671959458726297,True,secondary_neutral,0.06594440404569382,0.056712187479296676,True,6.902238002806302e-08,0.0659530169619337,0.05671959458726297,True,6.836773534427042e-05,9.545216953174243e-29,8.612916239880697e-06,7.407107966296567e-06
0.9299999999999999,0.27999999999999997,0.01942122111879132,0.018061735640475925,True,secondary_neutral,0.02505405601853409,0.0233002720972367,True,1.9555080257183804e-05,0.01942122111879132,0.018061735640475925,True,3.665470589362203e-05,5.1757163991550585e-27,0.00563283489974277,0.005238536456760777
1.0,0.27999999999999997,0.0,0.0,True,primary,0.0,0.0,True,0.0,0.0010442295105619946,0.0010442295105619946,False,0.23797666874992263,2.644585187271972e-25,0.0010442295105619946,0.0010442295105619946
0.02,0.35,0.8634569793396094,0.017269139586792187,True,primary,0.8634569793396094,0.017269139586792187,True,2.1295234142477276e-08,,,,,,,
0.09,0.35,0.760964382235271,0.06848679440117439,True,primary,0.760964382235271,0.06848679440117439,True,1.11054402566731e-06,,,,,,,
0.15999999999999998,0.35,0.669275262150252,0.10708404194404031,True,primary,0.669275262150252,0.10708404194404031,True,8.006928022812748e-07,,,,,,,
0.22999999999999995,0.35,0.5861933586115347,0.13482447248065293,True,primary,0.5861933586115347,0.13482447248065293,True,3.205458854975765e-06,,,,,,,
0.3,0.35,0.5101776461232782,0.15305329383698346,True,primary,0.5101776461232782,0.15305329383698346,True,3.118360979201479e-06,,,,,,,
0.37,0.35,0.43992115168405965,0.16277082612310206,True,primary,0.43992115168405965,0.16277082612310206,True,2.2361870135878537e-06,,,,,,,
0.43999999999999995,0.35,0.37450406078868154,0.16478178674701985,True,primary,0.37450406078868154,0.16478178674701985,True,1.3539266543790424e-06,,,,,,,
0.5099999999999999,0.35,0.3132013546411842,0.15973269086700392,True,primary,0.3132013546411842,0.15973269086700392,True,2.2280218254285694e-06,,,,,,,
0.58,0.35,0.25542545990425886,0.14814676674447014,True,primary,0.25542545990425886,0.14814676674447014,True,1.4904105149256969e-06,,,,,,,
0.6499999999999999,0.35,0.20063838669055423,0.13041495134886022,True,primary,0.20063838669055423,0.13041495134886022,True,1.0766681618062934e-06,,,,,,,
0.72,0.35,0.1484607380333705,0.10689173138402676,True,primary,0.1484607380333705,0.10689173138402676,True,1.1966347363926442e-06,,,,,,,
0.7899999999999999,0.35,0.09854649349296392,0.07785172985944148,True,primary,0.09854649349296392,0.07785172985944148,True,8.747870651696493e-07,,,,,,,
0.8599999999999999,0.35,0.05056931511548204,0.043489610999314546,True,secondary_neutral,0.05058831976641087,0.04350595499911334,True,8.177092030358865e-08,0.05056931511548204,0.043489610999314546,True,6.928213690834327e-05,6.407522702657668e-28,1.9004650928834688e-05,1.6343999798794362e-05
0.9299999999999999,0.35,0.004360887734326977,0.0040556255929240885,True,secondary_neutral,0.02505405601853409,0.0233002720972367,True,7.143817381810146e-05,0.004360887734326977,0.0040556255929240885,True,7.455867608656733e-05,9.941619558047801e-26,0.020693168284207114,0.019244646504312613
1.0,0.35,0.0,0.0,True,primary,0.0,0.0,True,0.0,0.0010442295105619946,0.0010442295105619946,False,0.37772649480441445,3.251400661395131e-25,0.0010442295105619946,0.0010442295105619946
0.02,0.41999999999999993,0.8262647857320667,0.016525295714641335,True,primary,0.8262647857320667,0.016525295714641335,True,3.271296574870568e-07,,,,,,,
0.09,0.41999999999999993,0.7265984291498094,0.06539385862348285,True,primary,0.7265984291498094,0.06539385862348285,True,1.3406889299650074e-06,,,,,,,
0.15999999999999998,0.41999999999999993,0.6375292900813435,0.10200468641301495,True,primary,0.6375292900813435,0.10200468641301495,True,1.967417438315973e-06,,,,,,,
0.22999999999999995,0.41999999999999993,0.5567992434949948,0.12806382600384877,True,primary,0.5567992434949948,0.12806382600384877,True,1.9673916292657634e-06,,,,,,,
0.3,0.41999999999999993,0.4827851572207372,0.14483554716622116,True,primary,0.4827851572207372,0.14483554716622116,True,6.184172542510885e-07,,,,,,,
0.37,0.41999999999999993,0.41429010210936557,0.15328733778046524,True,primary,0.41429010210936557,0.15328733778046524,True,3.0008558171354394e-07,,,,,,,
0.43999999999999995,0.41999999999999993,0.3504096538181022,0.15418024767996494,True,primary,0.3504096538181022,0.15418024767996494,True,3.131398983750519e-06,,,,,,,
0.5099999999999999,0.41999999999999993,0.29037867773631765,0.14809312564552196,True,primary,0.29037867773631765,0.14809312564552196,True,2.2459274942477486e-06,,,,,,,
0.58,0.41999999999999993,0.23362885772281713,0.13550473747923392,True,primary,0.23362885772281713,0.13550473747923392,True,2.463001097172124e-08,,,,,,,
0.6499999999999999,0.41999999999999993,0.17972412187133568,0.11682067921636818,True,primary,0.17972412187133568,0.11682067921636818,True,1.024310521110204e-06,,,,,,,
0.72,0.41999999999999993,0.12822585011515844,0.09232261208291408,True,primary,0.12822585011515844,0.09232261208291408,True,4.524156092556306e-07,,,,,,,
0.7899999999999999,0.41999999999999993,0.0788765071125775,0.06231244061893622,True,secondary_neutral,0.0788491400253546,0.062290820620030135,True,4.1794370898092133e-07,0.0788765071125775,0.06231244061893622,True,5.211720042752784e-05,3.920835914174734e-27,2.7367087222895936e-05,2.161999890608335e-05
0.8599999999999999,0.41999999999999993,0.03131325723452613,0.02692940122169247,True,secondary_neutral,0.03132466493546221,0.026939211844497497,True,5.925214022119846e-08,0.03131325723452613,0.02692940122169247,True,0.00012994452378825957,6.17855582491727e-27,1.1407700936078013e-05,9.810622805028757e-06
0.9299999999999999,0.41999999999999993,0.0,0.0,True,primary,0.0,0.0,True,0.0,0.0010442295105619946,0.000971133444822655,False,0.1056318248979564,1.624442097553738e-26,0.0010442295105619946,0.000971133444822655
1.0,0.41999999999999993,0.0,0.0,True,primary,0.0,0.0,True,0.0,0.0010442295105619946,0.0010442295105619946,False,0.5609117834756698,3.140936468837033e-25,0.0010442295105619946,0.0010442295105619946
0.02,0.48999999999999994,0.7862435693506705,0.015724871387013412,True,primary,0.7862435693506705,0.015724871387013412,True,3.538629765316263e-07,,,,,,,
0.09,0.48999999999999994,0.6889861375937653,0.06200875238343887,True,primary,0.6889861375937653,0.06200875238343887,True,7.735484709265814e-07,,,,,,,
0.15999999999999998,0.48999999999999994,0.6021825073669007,0.0963492011787041,True,primary,0.6021825073669007,0.0963492011787041,True,2.561109926771995e-06,,,,,,,
0.22999999999999995,0.48999999999999994,0.5235894899779658,0.12042558269493212,True,primary,0.5235894899779658,0.12042558269493212,True,1.2728854629790592e-06,,,,,,,
0.3,0.48999999999999994,0.45145802501521043,0.13543740750456312,True,primary,0.45145802501521043,0.13543740750456312,True,1.1350315829768837e-06,,,,,,,
0.37,0.48999999999999994,0.38463925478805616,0.14231652427158079,True,primary,0.38463925478805616,0.14231652427158079,True,1.079703494975999e-06,,,,,,,
0.43999999999999995,0.48999999999999994,0.32217041201854923,0.14175498128816164,True,primary,0.32217041201854923,0.14175498128816164,True,3.660085149508052e-07,,,,,,,
0.5099999999999999,0.48999999999999994,0.2633738162256738,0.1343206462750936,True,primary,0.2633738162256738,0.1343206462750936,True,7.41080780213314e-07,,,,,,,
0.58,0.48999999999999994,0.20764098334505543,0.12043177034013214,True,primary,0.20764098334505543,0.12043177034013214,True,1.8630433385059125e-06,,,,,,,
0.6499999999999999,0.48999999999999994,0.15458721069708656,0.10048168695310625,True,primary,0.15458721069708656,0.10048168695310625,True,2.8388318783776137e-07,,,,,,,
0.72,0.48999999999999994,0.10376456710822388,0.0747104883179212,True,primary,0.10376456710822388,0.0747104883179212,True,3.123139109134643e-07,,,,,,,
0.7899999999999999,0.48999999999999994,0.054934624238098376,0.043398353148097715,True,secondary_neutral,0.05491913044754072,0.04338611305355717,True,5.475275653438888e-08,0.054934624238098376,0.043398353148097715,True,8.660050227897501e-05,8.989513749252616e-27,1.549379055765243e-05,1.2240094540545698e-05
0.8599999999999999,0.48999999999999994,0.007751978382905122,0.006666701409298404,True,secondary_neutral,0.02505405601853409,0.021546488175939314,True,5.139318226474957e-05,0.007751978382905122,0.006666701409298404,True,1.4625169341036346e-05,4.038496490340711e-25,0.017302077635628965,0.01487978676664091
0.9299999999999999,0.48999999999999994,0.0,0.0,True,primary,0.0,0.0,True,0.0,0.0010442295105619946,0.000971133444822655,False,0.2674295582521777,3.076559502514209e-25,0.0010442295105619946,0.000971133444822655
1.0,0.48999999999999994,0.0,0.0,True,primary,0.0,0.0,True,0.0,0.0010442295105619946,0.0010442295105619946,False,0.7975546689547836,1.6874227800743206e-25,0.0010442295105619946,0.0010442295105619946
0.02,0.5599999999999999,0.7442842473372667,0.014885684946745335,True,primary,0.7442842473372667,0.014885684946745335,True,1.5657077448525542e-07,,,,,,,
0.09,0.5599999999999999,0.6487174240157145,0.0583845681614143,True,primary,0.6487174240157145,0.0583845681614143,True,1.4571028997586565e-06,,,,,,,
0.15999999999999998,0.5599999999999999,0.5637516354771003,0.09020026167633603,True,primary,0.5637516354771003,0.09020026167633603,True,1.5143486355741718e-06,,,,,,,
0.22999999999999995,0.5599999999999999,0.48683090656921457,0.11197110851091933,True,primary,0.48683090656921457,0.11197110851091933,True,1.0920622514221795e-06,,,,,,,
0.3,0.5599999999999999,0.41628209915703385,0.12488462974711015,True,primary,0.41628209915703385,0.12488462974711015,True,1.1931419578336449e-06,,,,,,,
0.37,0.5599999999999999,0.3508600471551167,0.1298182174473932,True,primary,0.3508600471551167,0.1298182174473932,True,1.1654513320481438e-06,,,,,,,
0.43999999999999995,0.5599999999999999,0.2896068800795906,0.12742702723501986,True,primary,0.2896068800795906,0.12742702723501986,True,3.1308621783431023e-06,,,,,,,
0.5099999999999999,0.5599999999999999,0.2318950255806271,0.1182664630461198,True,primary,0.2318950255806271,0.1182664630461198,True,9.291522352636652e-07,,,,,,,
0.58,0.5599999999999999,0.17707703998994043,0.10270468319416544,True,primary,0.17707703998994043,0.10270468319416544,True,1.0218334484538363e-06,,,,,,,
0.6499999999999999,0.5599999999999999,0.12472533299461194,0.08107146644649775,True,primary,0.12472533299461194,0.08107146644649775,True,7.890970932043079e-07,,,,,,,
0.72,0.5599999999999999,0.074469085887131,0.053617741838734315,True,secondary_neutral,0.07445254879705139,0.053605835133877,True,3.823390426829776e-08,0.074469085887131,0.053617741838734315,True,6.39788871730998e-05,8.141167801397283e-28,1.6537090079607464e-05,1.1906704857317374e-05
0.7899999999999999,0.5599999999999999,0.025980614738493918,0.020524685643410194,True,secondary_neutral,0.02597465391107824,0.02051997658975181,True,2.3921514054336956e-08,0.025980614738493918,0.020524685643410194,True,1.1303013021259496e-05,5.529328230301035e-26,5.960827415676939e-06,4.709053658385337e-06
0.8599999999999999,0.5599999999999999,0.0,0.0,True,primary,0.0,0.0,True,0.0,0.0010442295105619946,0.0008980373790833153,False,0.11341743157971244,3.2508169043252675e-24,0.0010442295105619946,0.0008980373790833153
0.9299999999999999,0.5599999999999999,0.0,0.0,True,primary,0.0,0.0,True,0.0,0.0010442295105619946,0.000971133444822655,False,0.47073285012696836,1.4111982037305257e-24,0.0010442295105619946,0.000971133444822655
1.0,0.5599999999999999,0.0,0.0,True,primary,0.0,0.0,True,0.0,0.0010442295105619946,0.0010442295105619946,False,1.1028641055653947,3.108289460274461e-26,0.0010442295105619946,0.0010442295105619946
0.02,0.6299999999999999,0.7008372550500487,0.014016745101000974,True,primary,0.7008372550500487,0.014016745101000974,True,2.029020870091859e-07,,,,,,,
0.09,0.6299999999999999,0.6062281341016879,0.05456053206915191,True,primary,0.6062281341016879,0.05456053206915191,True,8.985780565341078e-07,,,,,,,
0.15999999999999998,0.6299999999999999,0.5223069297429901,0.08356910875887841,True,primary,0.5223069297429901,0.08356910875887841,True,6.553611575710935e-07,,,,,,,
0.22999999999999995,0.6299999999999999,0.44647974516130173,0.10269034138709938,True,primary,0.44647974516130173,0.10269034138709938,True,7.82497626238346e-07,,,,,,,
0.3,0.6299999999999999,0.37700547774411225,0.11310164332323366,True,primary,0.37700547774411225,0.11310164332323366,True,2.1820418843018947e-06,,,,,,,
0.37,0.6299999999999999,0.31254035833643407,0.1156399325844806,True,primary,0.31254035833643407,0.1156399325844806,True,1.6228533921032462e-07,,,,,,,
0.43999999999999995,0.6299999999999999,0.25219101266848454,0.11096404557413318,True,primary,0.25219101266848454,0.11096404557413318,True,1.0840294906626705e-06,,,,,,,
0.5099999999999999,0.6299999999999999,0.19518965348422035,0.09954672327695235,True,primary,0.19518965348422035,0.09954672327695235,True,2.6633003448982284e-07,,,,,,,
0.58,0.6299999999999999,0.14099754035350964,0.08177857340503558,True,primary,0.14099754035350964,0.08177857340503558,True,9.071207214498417e-07,,,,,,,
0.6499999999999999,0.6299999999999999,0.08909402577139043,0.05791111675140377,True,primary,0.08909402577139043,0.05791111675140377,True,1.2558463691539345e-07,,,,,,,
0.72,0.6299999999999999,0.03915835158577737,0.028194013141759705,True,secondary_neutral,0.03919805198414287,0.028222597428582866,True,1.7197658537873584e-07,0.03915835158577737,0.028194013141759705,True,2.3325043498536964e-05,4.78405928566447e-27,3.970039836549699e-05,2.858428682316061e-05
0.7899999999999999,0.6299999999999999,0.0010442295105619946,0.0008249413133439757,True,secondary_neutral,0.0,0.0,True,0.0,0.0010442295105619946,0.0008249413133439757,True,0.03983274885762797,2.914118448202456e-24,0.0010442295105619946,0.0008249413133439757
0.8599999999999999,0.6299999999999999,0.0,0.0,True,primary,0.0,0.0,True,0.0,0.0010442295105619946,0.0008980373790833153,False,0.2956989888921125,4.102613329780038e-24,0.0010442295105619946,0.0008980373790833153
0.9299999999999999,0.6299999999999999,0.0,0.0,True,primary,0.0,0.0,True,0.0,0.0010442295105619946,0.000971133444822655,False,0.7267686070445804,2.7020659808651604e-24,0.0010442295105619946,0.000971133444822655
1.0,0.6299999999999999,0.0,0.0,True,primary,0.0,0.0,True,0.0,0.0010442295105619946,0.0010442295105619946,False,1.50075498868519,1.2227541246151988e-24,0.0010442295105619946,0.0010442295105619946
0.02,0.7,0.6562238565779812,0.013124477131559625,True,primary,0.6562238565779812,0.013124477131559625,True,2.127796888623328e-07,,,,,,,
0.09,0.7,0.5615251148780823,0.050537260339027404,True,primary,0.5615251148780823,0.050537260339027404,True,2.719322765507015e-07,,,,,,,
0.15999999999999998,0.7,0.4777469254234741,0.07643950806775585,True,primary,0.4777469254234741,0.07643950806775585,True,2.0394059937773462e-07,,,,,,,
0.22999999999999995,0.7,0.4021328164046996,0.0924905477730809,True,primary,0.4021328164046996,0.0924905477730809,True,2.1944229673278963e-06,,,,,,,
0.3,0.7,0.3329193924167364,0.09987581772502092,True,primary,0.3329193924167364,0.09987581772502092,True,2.1366383952895612e-06,,,,,,,
0.37,0.7,0.26870722942284603,0.09942167488645302,True,primary,0.26870722942284603,0.09942167488645302,True,1.6282292434957601e-06,,,,,,,
0.43999999999999995,0.7,0.20855703476546372,0.09176509529680403,True,primary,0.20855703476546372,0.09176509529680403,True,1.527716513051447e-07,,,,,,,
0.5099999999999999,0.7,0.15175385775174297,0.07739446745338889,True,primary,0.15175385775174297,0.07739446745338889,True,2.2184773086804388e-07,,,,,,,
0.58,0.7,0.09766961792481782,0.05664837839639433,True,primary,0.09766961792481782,0.05664837839639433,True,2.583574846186723e-07,,,,,,,
0.6499999999999999,0.7,0.04585479172171709,0.029805614619116103,True,secondary_neutral,0.0458506259512129,0.02980290686828838,True,6.237281393434678e-08,0.04585479172171709,0.029805614619116103,True,1.5054612881333829e-05,3.299036027156902e-26,4.165770504188648e-06,2.7077508277240092e-06
0.72,0.7,0.0010442295105619946,0.0007518452476046361,True,secondary_neutral,0.0,0.0,True,0.0,0.0010442295105619946,0.0007518452476046361,True,0.015302644082970255,1.5505881507460417e-24,0.0010442295105619946,0.0007518452476046361
0.7899999999999999,0.7,0.0,0.0,True,primary,0.0,0.0,True,0.0,0.0010442295105619946,0.0008249413133439757,False,0.20788746520321677,2.9651321600946425e-26,0.0010442295105619946,0.0008249413133439757
0.8599999999999999,0.7,0.0,0.0,True,primary,0.0,0.0,True,0.0,0.0010442295105619946,0.0008980373790833153,False,0.5219369459224252,2.9433781989715735e-24,0.0010442295105619946,0.0008980373790833153
0.9299999999999999,0.7,0.0,0.0,True,primary,0.0,0.0,True,0.0,0.0010442295105619946,0.000971133444822655,False,1.052957665268227,4.0640260506897325e-24,0.0010442295105619946,0.000971133444822655
1.0,0.7,0.0,0.0,True,primary,0.0,0.0,True,0.0,0.0010442295105619946,0.0010442295105619946,False,2.0309529255073278,2.5879580397858463e-24,0.0010442295105619946,0.0010442295105619946
0.02,0.7699999999999999,0.6105248526416531,0.012210497052833063,True,primary,0.6105248526416531,0.012210497052833063,True,1.3271095785434735e-07,,,,,,,
0.09,0.7699999999999999,0.514487634412055,0.04630388709708495,True,primary,0.514487634412055,0.04630388709708495,True,3.615042622260971e-07,,,,,,,
0.15999999999999998,0.7699999999999999,0.4295061652740148,0.06872098644384236,True,primary,0.4295061652740148,0.06872098644384236,True,1.0649191891829411e-07,,,,,,,
0.22999999999999995,0.7699999999999999,0.3527375269985905,0.0811296312096758,True,primary,0.3527375269985905,0.0811296312096758,True,5.084681569548014e-07,,,,,,,
0.3,0.7699999999999999,0.2823412121180628,0.08470236363541883,True,primary,0.2823412121180628,0.08470236363541883,True,4.115250656130248e-08,,,,,,,
0.37,0.7699999999999999,0.21702708652814098,0.08030002201541216,True,primary,0.21702708652814098,0.08030002201541216,True,1.2085008917889217e-07,,,,,,,
0.43999999999999995,0.7699999999999999,0.15589974944989515,0.06859588975795386,True,primary,0.15589974944989515,0.06859588975795386,True,9.202888633661269e-08,,,,,,,
0.5099999999999999,0.7699999999999999,0.0982714699593867,0.050118449679287205,True,primary,0.0982714699593867,0.050118449679287205,True,2.1601576903054406e-07,,,,,,,
0.58,0.7699999999999999,0.043554079570978364,0.02526136615116745,True,secondary_neutral,0.04355483632178372,0.025261805066634554,True,5.522121962996118e-08,0.043554079570978364,0.02526136615116745,True,2.177972735068237e-05,1.1346230773219731e-25,7.567508053529792e-07,4.3891546710334017e-07
0.6499999999999999,0.7699999999999999,0.0010442295105619946,0.0006787491818652965,True,secondary_neutral,0.0,0.0,True,0.0,0.0010442295105619946,0.0006787491818652965,True,0.021763230370292347,3.602545527275255e-24,0.0010442295105619946,0.0006787491818652965
0.72,0.7699999999999999,0.0,0.0,True,primary,0.0,0.0,True,0.0,0.0010442295105619946,0.0007518452476046361,False,0.17375162224513208,3.555079187288379e-24,0.0010442295105619946,0.0007518452476046361
0.7899999999999999,0.7699999999999999,0.0,0.0,True,primary,0.0,0.0,True,0.0,0.0010442295105619946,0.0008249413133439757,False,0.41541380092739494,1.8073281708796687e-24,0.0010442295105619946,0.0008249413133439757
0.8599999999999999,0.7699999999999999,0.0,0.0,True,primary,0.0,0.0,True,0.0,0.0010442295105619946,0.0008980373790833153,False,0.8070837660495177,1.644825400528034e-25,0.0010442295105619946,0.0008980373790833153
0.9299999999999999,0.7699999999999999,0.0,0.0,True,primary,0.0,0.0,True,0.0,0.0010442295105619946,0.000971133444822655,False,1.478104229492451,9.28452812954216e-25,0.0010442295105619946,0.000971133444822655
1.0,0.7699999999999999,0.0,0.0,True,primary,0.0,0.0,True,0.0,0.6664385716601099,0.6664385716601099,False,2.5389092026020688,6.407522702657668e-28,0.6664385716601099,0.6664385716601099
0.02,0.8399999999999999,0.5637109800938676,0.011274219601877352,True,primary,0.5637109800938676,0.011274219601877352,True,1.8205561329580778e-07,,,,,,,
0.09,0.8399999999999999,0.46454905729270557,0.041809415156343496,True,primary,0.46454905729270557,0.041809415156343496,True,4.253818223012851e-09,,,,,,,
0.15999999999999998,0.8399999999999999,0.37621588507744014,0.06019454161239041,True,primary,0.37621588507744014,0.06019454161239041,True,5.222798181532193e-07,,,,,,,
0.22999999999999995,0.8399999999999999,0.29569745316616514,0.06801041422821796,True,primary,0.29569745316616514,0.06801041422821796,True,1.0053300242955383e-06,,,,,,,
0.3,0.8399999999999999,0.22116205066565936,0.0663486151996978,True,primary,0.22116205066565936,0.0663486151996978,True,1.999416503487765e-07,,,,,,,
0.37,0.8399999999999999,0.15155468514603604,0.05607523350403333,True,primary,0.15155468514603604,0.05607523350403333,True,1.6918306028156473e-07,,,,,,,
0.43999999999999995,0.8399999999999999,0.08662743388806506,0.03811607091074862,True,primary,0.08662743388806506,0.03811607091074862,True,1.0414794090682356e-07,,,,,,,
0.5099999999999999,0.8399999999999999,0.026428419873920524,0.013478494135699464,True,secondary_neutral,0.02645367371400876,0.013491373594144464,True,2.3348107832960735e-10,0.026428419873920524,0.013478494135699464,True,3.1030570093625146e-05,6.889045371356837e-25,2.5253840088234475e-05,1.287945844499934e-05
0.58,0.8399999999999999,0.0010442295105619946,0.0006056531161259569,True,secondary_neutral,0.0,0.0,True,0.0,0.0010442295105619946,0.0006056531161259569,True,0.048832669075722146,9.189100685869416e-24,0.0010442295105619946,0.0006056531161259569
0.6499999999999999,0.8399999999999999,0.0,0.0,True,primary,0.0,0.0,True,0.0,0.0010442295105619946,0.0006787491818652965,False,0.17512804571842894,6.106505263442715e-24,0.0010442295105619946,0.0006787491818652965
0.72,0.8399999999999999,0.0,0.0,True,primary,0.0,0.0,True,0.0,0.0010442295105619946,0.0007518452476046361,False,0.37108352079470486,3.70183949871923e-24,0.0010442295105619946,0.0007518452476046361
0.7899999999999999,0.8399999999999999,0.0,0.0,True,primary,0.0,0.0,True,0.0,0.0010442295105619946,0.0008249413133439757,False,0.6779729476330603,3.1063324073021727e-24,0.0010442295105619946,0.0008249413133439757
0.8599999999999999,0.8399999999999999,0.0,0.0,True,primary,0.0,0.0,True,0.0,0.0010442295105619946,0.0008980373790833153,False,1.1772205322277425,2.3797841180226344e-24,0.0010442295105619946,0.0008980373790833153
0.9299999999999999,0.8399999999999999,0.0,0.0,True,primary,0.0,0.0,True,0.0,0.0010442295105619946,0.000971133444822655,False,2.054823243910003,1.0865157085012918e-24,0.0010442295105619946,0.000971133444822655
1.0,0.8399999999999999,0.0,0.0,True,primary,0.0,0.0,True,0.0,0.6483747250693482,0.6483747250693482,False,2.628990053973866,4.082848222584499e-26,0.6483747250693482,0.6483747250693482
0.02,0.9099999999999999,0.5154223542314733,0.010308447084629467,True,primary,0.5154223542314733,0.010308447084629467,True,1.0423377484758151e-07,,,,,,,
0.09,0.9099999999999999,0.41050173982581234,0.03694515658432311,True,primary,0.41050173982581234,0.03694515658432311,True,4.907443967634316e-07,,,,,,,
0.15999999999999998,0.9099999999999999,0.31470325631275664,0.050352521010041056,True,primary,0.31470325631275664,0.050352521010041056,True,4.389495117385067e-07,,,,,,,
0.22999999999999995,0.9099999999999999,0.22366816271992077,0.051443677425581764,True,primary,0.22366816271992077,0.051443677425581764,True,1.3631751775587588e-07,,,,,,,
0.3,0.9099999999999999,0.13377917052529495,0.040133751157588486,True,primary,0.13377917052529495,0.040133751157588486,True,9.596042485922177e-08,,,,,,,
0.37,0.9099999999999999,0.04655740892629471,0.017226241302729043,True,secondary_neutral,0.04654830527703787,0.017222872952504013,True,1.6634719489038948e-08,0.04655740892629471,0.017226241302729043,True,1.1390905059224083e-05,6.407522702657668e-28,9.103649256839152e-06,3.3683502250296538e-06
0.43999999999999995,0.9099999999999999,0.0010442295105619946,0.0004594609846472776,True,secondary_neutral,0.0,0.0,True,0.0,0.0010442295105619946,0.0004594609846472776,True,0.0198709108187334,3.116097211083886e-25,0.0010442295105619946,0.0004594609846472776
0.5099999999999999,0.9099999999999999,0.0,0.0,True,primary,0.0,0.0,True,0.0,0.0010442295105619946,0.0005325570503866172,False,0.09285459795318518,1.309031708205905e-22,0.0010442295105619946,0.0005325570503866172
0.58,0.9099999999999999,0.0,0.0,True,primary,0.0,0.0,True,0.0,0.0010442295105619946,0.0006056531161259569,False,0.20483605127312757,3.1123798273275486e-23,0.0010442295105619946,0.0006056531161259569
0.6499999999999999,0.9099999999999999,0.0,0.0,True,primary,0.0,0.0,True,0.0,0.0010442295105619946,0.0006787491818652965,False,0.37350027749501785,4.7564212480272126e-24,0.0010442295105619946,0.0006787491818652965
0.72,0.9099999999999999,0.0,0.0,True,primary,0.0,0.0,True,0.0,0.0010442295105619946,0.0007518452476046361,False,0.6290870926646135,3.6617899673334844e-24,0.0010442295105619946,0.0007518452476046361
0.7899999999999999,0.9099999999999999,0.0,0.0,True,primary,0.0,0.0,True,0.0,0.0010442295105619946,0.0008249413133439757,False,1.0277478704710994,2.3013155198086698e-24,0.0010442295105619946,0.0008249413133439757
0.8599999999999999,0.9099999999999999,0.0,0.0,True,primary,0.0,0.0,True,0.0,0.0010442295105619946,0.0008980373790833153,False,1.6866836133361143,8.532319550870464e-25,0.0010442295105619946,0.0008980373790833153
0.9299999999999999,0.9099999999999999,0.0,0.0,True,primary,0.0,0.0,True,0.0,0.6425732805457519,0.5975931509075493,False,2.5557292953628785,3.2160458877753884e-25,0.6425732805457519,0.5975931509075493
1.0,0.9099999999999999,0.0,0.0,True,primary,0.0,0.0,True,0.0,0.6328424430018228,0.6328424430018228,False,2.7234592800490898,2.6081713678869703e-25,0.6328424430018228,0.6328424430018228
0.02,0.98,0.4650992607707085,0.00930198521541417,True,primary,0.4650992607707085,0.00930198521541417,True,1.2104118215654257e-07,,,,,,,
0.09,0.98,0.34966696261421026,0.031470026635278925,True,primary,0.34966696261421026,0.031470026635278925,True,1.7994087673665546e-07,,,,,,,
0.15999999999999998,0.98,0.23436415446017622,0.03749826471362819,True,primary,0.23436415446017622,0.03749826471362819,True,2.0059274998061438e-07,,,,,,,
0.22999999999999995,0.98,0.07510008457206187,0.017273019451574226,True,secondary_neutral,0.0,0.0,True,0.0,0.07510008457206187,0.017273019451574226,True,0.00407694340864804,0.0,0.07510008457206187,0.017273019451574226
0.3,0.98,0.05290522412803033,0.015871567238409098,True,secondary_neutral,0.0,0.0,True,0.0,0.05290522412803033,0.015871567238409098,True,0.04116008593146377,7.703719777548943e-28,0.05290522412803033,0.015871567238409098
0.37,0.98,0.0,0.0,True,primary,0.0,0.0,True,0.0,0.0010442295105619946,0.000386364918907938,False,0.09375845962642848,2.8398992587956425e-29,0.0010442295105619946,0.000386364918907938
0.43999999999999995,0.98,0.0,0.0,True,primary,0.0,0.0,True,0.0,0.0010442295105619946,0.0004594609846472776,False,0.17091845060190305,4.930380657631324e-32,0.0010442295105619946,0.0004594609846472776
0.5099999999999999,0.98,0.0,0.0,True,primary,0.0,0.0,True,0.0,0.0010442295105619946,0.0005325570503866172,False,0.282553785746806,5.236597232553556e-25,0.0010442295105619946,0.0005325570503866172
0.58,0.98,0.0,0.0,True,primary,0.0,0.0,True,0.0,0.0010442295105619946,0.0006056531161259569,False,0.4431890057334045,5.599384009065318e-27,0.0010442295105619946,0.0006056531161259569
0.6499999999999999,0.98,0.0,0.0,True,primary,0.0,0.0,True,0.0,0.0010442295105619946,0.0006787491818652965,False,0.676984031975347,2.381967475467108e-25,0.0010442295105619946,0.0006787491818652965
0.72,0.98,0.0,0.0,True,primary,0.0,0.0,True,0.0,0.0010442295105619946,0.0007518452476046361,False,1.0270095286930556,4.707576755712964e-27,0.0010442295105619946,0.0007518452476046361
0.7899999999999999,0.98,0.0,0.0,True,primary,0.0,0.0,True,0.0,0.0010442295105619946,0.0008249413133439757,False,1.577972928452897,2.955838269295491e-25,0.0010442295105619946,0.0008249413133439757
0.8599999999999999,0.98,0.0,0.0,True,primary,0.0,0.0,True,0.0,0.63899593327939,0.5495365026202753,False,2.4756285852951923,6.3850598883815e-26,0.63899593327939,0.5495365026202753
0.9299999999999999,0.98,0.0,0.0,True,primary,0.0,0.0,True,0.0,0.6327986564423059,0.5885027504913445,False,2.6545352917425684,5.882001316969798e-25,0.6327986564423059,0.5885027504913445
1.0,0.98,0.0,0.0,True,primary,0.0,0.0,True,0.0,0.6191247414531375,0.6191247414531375,False,2.8214023341106538,3.2666118718000553e-25,0.6191247414531375,0.6191247414531375
