alpha,Mach,n_points,rank,cand_cr,cand_ci,cand_omega_i,distance_to_shooting,shooting_cr,shooting_ci,shooting_omega_i,shooting_spectral_success
0.2,1.2,561,1,0.23986856963727496,0.006430913991795688,0.0012861827983591378,0.11410366780113398,0.23985351562499993,0.06348274739583332,0.012696549479166664,True
0.2,1.2,561,2,0.2496879705873072,0.006548200391679267,0.0013096400783358534,0.11429298786311677,0.23985351562499993,0.06348274739583332,0.012696549479166664,True
0.2,1.2,561,3,0.230062686995214,0.006311840443871657,0.0012623680887743315,0.11476023149199929,0.23985351562499993,0.06348274739583332,0.012696549479166664,True
0.2,1.2,561,4,0.25952123409985495,0.006663618922959153,0.0013327237845918308,0.11532767487326741,0.23985351562499993,0.06348274739583332,0.012696549479166664,True
0.2,1.2,561,5,0.2202699400710173,0.006191011121918056,0.0012382022243836114,0.11624495091227824,0.23985351562499993,0.06348274739583332,0.012696549479166664,True
0.2,1.2,561,6,0.2693686597969454,0.006777042549872176,0.0013554085099744353,0.11718912741291221,0.23985351562499993,0.06348274739583332,0.012696549479166664,True
0.2,1.2,561,7,0.2104899132039203,0.0060684046847854336,0.0012136809369570868,0.11852361850243125,0.23985351562499993,0.06348274739583332,0.012696549479166664,True
0.2,1.2,561,8,0.27923049529916355,0.006888301054632778,0.0013776602109265557,0.1198426967108451,0.23985351562499993,0.06348274739583332,0.012696549479166664,True
0.2,1.2,561,9,0.20072216197238435,0.005943942935545081,0.0011887885871090164,0.12154883345208711,0.23985351562499993,0.06348274739583332,0.012696549479166664,True
0.2,1.2,561,10,0.2891069278106119,0.006997184714906824,0.0013994369429813649,0.12324112048114985,0.23985351562499993,0.06348274739583332,0.012696549479166664,True
0.2,1.2,561,11,0.1909662166403012,0.005817485422366918,0.0011634970844733837,0.12526411200297302,0.23985351562499993,0.06348274739583332,0.012696549479166664,True
0.2,1.2,561,12,0.2989980747780591,0.007103448979424675,0.0014206897958849351,0.12732863007633258,0.23985351562499993,0.06348274739583332,0.012696549479166664,True
0.2,1.2,561,13,0.18122158483288234,0.005688822237117496,0.0011377644474234994,0.1296080801856761,0.23985351562499993,0.06348274739583332,0.012696549479166664,True
0.2,1.2,561,14,0.3089039738718668,0.0072068205830679456,0.0014413641166135891,0.13204501330472576,0.23985351562499993,0.06348274739583332,0.012696549479166664,True
0.2,1.2,561,15,0.17148775352576975,0.0055576643155416374,0.0011115328631083276,0.1345181713629921,0.23985351562499993,0.06348274739583332,0.012696549479166664,True
0.2,1.2,561,16,0.3188245726927779,0.007307005499190084,0.001461401099838017,0.13732910749347846,0.23985351562499993,0.06348274739583332,0.012696549479166664,True
0.2,1.2,561,17,0.1617641903846064,0.005423630324268672,0.0010847260648537344,0.1399335092714342,0.23985351562499993,0.06348274739583332,0.012696549479166664,True
0.2,1.2,561,18,0.32875971877282667,0.007403699021924954,0.001480739804384991,0.14312145759548164,0.23985351562499993,0.06348274739583332,0.012696549479166664,True
0.2,1.2,561,19,0.15205034452427896,0.005286228837975724,0.0010572457675951448,0.1457968996390621,0.23985351562499993,0.06348274739583332,0.012696549479166664,True
0.2,1.2,561,20,0.3387091505948392,0.007496598096036648,0.0014993196192073298,0.14936610130470232,0.23985351562499993,0.06348274739583332,0.012696549479166664,True
0.2,1.2,561,21,0.14234564660338503,0.0051448339764146415,0.0010289667952829284,0.15205601957720308,0.23985351562499993,0.06348274739583332,0.012696549479166664,True
0.2,1.2,561,22,0.3486724904547838,0.007585415759790105,0.001517083151958021,0.15601158937439336,0.23985351562499993,0.06348274739583332,0.012696549479166664,True
0.2,1.2,561,23,0.13264950823334995,0.004998651688045208,0.0009997303376090417,0.15866397512939043,0.23985351562499993,0.06348274739583332,0.012696549479166664,True
0.2,1.2,561,24,0.3586492400015338,0.0076698972543993976,0.0015339794508798796,0.16301141399848676,0.23985351562499993,0.06348274739583332,0.012696549479166664,True
0.2,1.2,561,25,0.12296132048036001,0.0048466724292541225,0.0009693344858508245,0.16557941428715636,0.23985351562499993,0.06348274739583332,0.012696549479166664,True
0.2,1.2,561,26,0.3686387791626672,0.0077498370156831985,0.0015499674031366397,0.17032402444233694,0.23985351562499993,0.06348274739583332,0.012696549479166664,True
0.2,1.2,561,27,0.11328045118414229,0.004687603360903266,0.0009375206721806532,0.17276636388574654,0.23985351562499993,0.06348274739583332,0.012696549479166664,True
0.2,1.2,561,28,0.3786403688858713,0.0078250954745207,0.00156501909490414,0.17791258389341272,0.23985351562499993,0.06348274739583332,0.012696549479166664,True
0.2,1.2,561,29,0.1036062405138511,0.004519768865647897,0.0009039537731295793,0.1801939269892787,0.23985351562499993,0.06348274739583332,0.012696549479166664,True
0.2,1.2,561,30,0.38865315770479947,0.007895614414266646,0.0015791228828533291,0.18574458510416383,0.23985351562499993,0.06348274739583332,0.012696549479166664,True
0.2,1.2,561,31,0.0939379938280467,0.004340959956586428,0.0008681919913172857,0.18783594860226668,0.23985351562499993,0.06348274739583332,0.012696549479166664,True
0.2,1.2,561,32,0.3986761916380875,0.007961429643553678,0.0015922859287107356,0.19379140671287926,0.23985351562499993,0.06348274739583332,0.012696549479166664,True
0.2,1.2,561,33,0.08427497014170619,0.004148197661893057,0.0008296395323786114,0.195670741254831,0.23985351562499993,0.06348274739583332,0.012696549479166664,True
0.2,1.2,561,34,0.40870842642322547,0.008022679987795666,0.0016045359975591332,0.20202786245538762,0.23985351562499993,0.06348274739583332,0.012696549479166664,True
0.2,1.2,561,35,0.07461636308539733,0.0039373434595257216,0.0007874686919051443,0.20368096891744217,0.23985351562499993,0.06348274739583332,0.012696549479166664,True
0.2,1.2,561,36,0.4187487407080191,0.008079612041886211,0.0016159224083772423,0.2104317732323121,0.23985351562499993,0.06348274739583332,0.012696549479166664,True
0.2,1.2,561,37,0.06496126832109818,0.0037024189322202804,0.0007404837864440562,0.2118538384166758,0.23985351562499993,0.06348274739583332,0.012696549479166664,True
0.2,1.2,561,38,0.42879594862968257,0.008132580723780548,0.0016265161447561096,0.21898357653537642,0.23985351562499993,0.06348274739583332,0.012696549479166664,True
0.2,1.2,561,39,0.0553086249421805,0.003434322765375325,0.000686864553075065,0.220181901798338,0.23985351562499993,0.06348274739583332,0.012696549479166664,True
0.2,1.2,561,40,0.4388488102692761,0.008182046293689548,0.0016364092587379097,0.22766597782742343,0.23985351562499993,0.06348274739583332,0.012696549479166664,True
0.2,1.2,561,41,0.0456571029298759,0.003118144728485875,0.0006236289456971751,0.22866523068538833,0.23985351562499993,0.06348274739583332,0.012696549479166664,True
0.2,1.2,561,42,0.4489060387387225,0.00822856905860196,0.0016457138117203921,0.2364636426918603,0.23985351562499993,0.06348274739583332,0.012696549479166664,True
0.2,1.2,561,43,0.03600486730678544,0.002726616719068679,0.0005453233438137358,0.23731730042373964,0.23985351562499993,0.06348274739583332,0.012696549479166664,True
0.2,1.2,561,44,0.4589663030715763,0.008272803376910732,0.0016545606753821465,0.24536292567724818,0.23985351562499993,0.06348274739583332,0.012696549479166664,True
0.2,1.2,561,45,0.02634902122107113,0.002199595747203431,0.0004399191494406862,0.24618421524263723,0.23985351562499993,0.06348274739583332,0.012696549479166664,True
0.2,1.2,561,46,0.469028226535898,0.00831549280020181,0.0016630985600403622,0.25435163069964895,0.23985351562499993,0.06348274739583332,0.012696549479166664,True
0.2,1.2,561,47,0.01668404192755766,0.0013326465441524835,0.0002665293088304967,0.25545088399512295,0.23985351562499993,0.06348274739583332,0.012696549479166664,True
0.2,1.2,561,48,0.4790903803364076,0.008357468265511108,0.0016714936531022216,0.26341879779872984,0.23985351562499993,0.06348274739583332,0.012696549479166664,True
0.2,1.2,561,49,0.008437612159646524,5.565050125654355e-16,1.113010025130871e-16,0.26395749135870006,0.23985351562499993,0.06348274739583332,0.012696549479166664,True
0.2,1.2,561,50,0.005554309946511773,1.0578104327863356e-15,2.1156208655726714e-16,0.26648893907489424,0.23985351562499993,0.06348274739583332,0.012696549479166664,True
0.2,1.2,561,51,0.48915127288990384,0.008399651290804392,0.0016799302581608786,0.2725545113979484,0.23985351562499993,0.06348274739583332,0.012696549479166664,True
0.2,1.2,561,52,0.499209334795734,0.008443064219966726,0.0016886128439933452,0.28174972552625777,0.23985351562499993,0.06348274739583332,0.012696549479166664,True
0.2,1.2,561,53,0.5092628993134924,0.00848884990609196,0.0016977699812183921,0.29099610145818466,0.23985351562499993,0.06348274739583332,0.012696549479166664,True
0.2,1.2,561,54,0.5193101774898634,0.008538303979948954,0.001707660795989791,0.3002858526633879,0.23985351562499993,0.06348274739583332,0.012696549479166664,True
0.2,1.2,561,55,0.3917388157095406,0.19530527412757753,0.03906105482551551,0.3042660983375188,0.23985351562499993,0.06348274739583332,0.012696549479166664,True
0.2,1.2,561,56,0.5293492258321371,0.00859292424389929,0.001718584848779858,0.3096115904983809,0.23985351562499993,0.06348274739583332,0.012696549479166664,True
0.2,1.2,561,57,0.5393779023502098,0.008654484380269679,0.001730896876053936,0.3189661611273653,0.23985351562499993,0.06348274739583332,0.012696549479166664,True
0.2,1.2,561,58,0.5493938028805656,0.00872514347898426,0.001745028695796852,0.3283424586938403,0.23985351562499993,0.06348274739583332,0.012696549479166664,True
0.2,1.2,561,59,0.5593941621478089,0.008807610903040056,0.0017615221806080114,0.33773318904460226,0.23985351562499993,0.06348274739583332,0.012696549479166664,True
0.2,1.2,561,60,0.5693756885320099,0.00890539984671933,0.001781079969343866,0.3471305372613371,0.23985351562499993,0.06348274739583332,0.012696549479166664,True
0.2,1.2,561,61,0.5793342672644561,0.009023228889191957,0.0018046457778383915,0.35652564754529376,0.23985351562499993,0.06348274739583332,0.012696549479166664,True
0.2,1.2,561,62,0.5892643849198655,0.00916767808423993,0.001833535616847986,0.3659077241582725,0.23985351562499993,0.06348274739583332,0.012696549479166664,True
0.2,1.2,561,63,0.5991579150456476,0.009348289819816981,0.0018696579639633963,0.3752623208253534,0.23985351562499993,0.06348274739583332,0.012696549479166664,True
0.2,1.2,561,64,0.6090012944588794,0.00957940912492088,0.001915881824984176,0.3845677601216468,0.23985351562499993,0.06348274739583332,0.012696549479166664,True
0.2,1.2,561,65,0.6187681989175434,0.009882834280510577,0.0019765668561021153,0.3937869220258199,0.23985351562499993,0.06348274739583332,0.012696549479166664,True
0.2,1.2,561,66,0.6283986476560927,0.010287583870267859,0.002057516774053572,0.40284764032460946,0.23985351562499993,0.06348274739583332,0.012696549479166664,True
0.2,1.2,561,67,0.6377451425588571,0.010791715888028755,0.002158343177605751,0.41161040558943307,0.23985351562499993,0.06348274739583332,0.012696549479166664,True
0.2,1.2,561,68,0.6465898458932108,0.011143298846931337,0.0022286597693862674,0.41999061163038365,0.23985351562499993,0.06348274739583332,0.012696549479166664,True
0.2,1.2,561,69,0.6552265310381029,0.010838822046014763,0.0021677644092029527,0.4285093621361416,0.23985351562499993,0.06348274739583332,0.012696549479166664,True
0.2,1.2,561,70,0.6642597736591163,0.01012404970137829,0.002024809940275658,0.4376177262601618,0.23985351562499993,0.06348274739583332,0.012696549479166664,True
0.2,1.2,561,71,0.6736106410336452,0.009445925623019628,0.0018891851246039257,0.44701807152731377,0.23985351562499993,0.06348274739583332,0.012696549479166664,True
0.2,1.2,561,72,0.6830732689194093,0.008880525423872018,0.0017761050847744037,0.45647492843250276,0.23985351562499993,0.06348274739583332,0.012696549479166664,True
0.2,1.2,561,73,0.6925542501020727,0.008402770490320148,0.0016805540980640297,0.4659111185835005,0.23985351562499993,0.06348274739583332,0.012696549479166664,True
0.2,1.2,561,74,0.7020137745104236,0.007986872651125847,0.0015973745302251695,0.47530124484137726,0.23985351562499993,0.06348274739583332,0.012696549479166664,True
0.2,1.2,561,75,0.7114317311759489,0.007615345256344387,0.0015230690512688773,0.4846345838562069,0.23985351562499993,0.06348274739583332,0.012696549479166664,True
0.2,1.2,561,76,0.7207958058358349,0.007276690383437702,0.0014553380766875405,0.4939048186571636,0.23985351562499993,0.06348274739583332,0.012696549479166664,True
0.2,1.2,561,77,0.7300970936034182,0.006963161617457078,0.0013926323234914157,0.5031069668125442,0.23985351562499993,0.06348274739583332,0.012696549479166664,True
0.2,1.2,561,78,0.7393282986661016,0.006669367388974467,0.0013338734777948935,0.5122363707168505,0.23985351562499993,0.06348274739583332,0.012696549479166664,True
0.2,1.2,561,79,0.7484829188797051,0.006391438858160277,0.0012782877716320555,0.521288346212931,0.23985351562499993,0.06348274739583332,0.012696549479166664,True
0.2,1.2,561,80,0.7575548454443385,0.006126526040807728,0.0012253052081615456,0.5302580611449659,0.23985351562499993,0.06348274739583332,0.012696549479166664,True
0.2,1.2,801,1,0.24264925433591242,0.004167699048293507,0.0008335398096587014,0.1186630355115848,0.23985351562499993,0.06348274739583332,0.012696549479166664,True
0.2,1.2,801,2,0.23578224947109053,0.004109983400425993,0.0008219966800851986,0.11881530047057623,0.23985351562499993,0.06348274739583332,0.012696549479166664,True
0.2,1.2,801,3,0.2495226496067689,0.004224781841029686,0.0008449563682059373,0.11890970556995999,0.23985351562499993,0.06348274739583332,0.012696549479166664,True
0.2,1.2,801,4,0.2289215278007431,0.004051646602788887,0.0008103293205577775,0.11936386104546771,0.23985351562499993,0.06348274739583332,0.012696549479166664,True
0.2,1.2,801,5,0.2564025332282628,0.004281212140231288,0.0008562424280462576,0.11955399236376116,0.23985351562499993,0.06348274739583332,0.012696549479166664,True
0.2,1.2,801,6,0.22206697363690722,0.003992692006179917,0.0007985384012359834,0.12030223537802738,0.23985351562499993,0.06348274739583332,0.012696549479166664,True
0.2,1.2,801,7,0.2632889930569026,0.004336962771873936,0.0008673925543747872,0.12059070012897503,0.23985351562499993,0.06348274739583332,0.012696549479166664,True
0.2,1.2,801,8,0.21521846346849408,0.003933114153648792,0.0007866228307297585,0.12162039743344255,0.23985351562499993,0.06348274739583332,0.012696549479166664,True
0.2,1.2,801,9,0.2701821059217344,0.0043919994429817335,0.0008783998885963468,0.12201102148534333,0.23985351562499993,0.06348274739583332,0.012696549479166664,True
0.2,1.2,801,10,0.2083758666043025,0.0038728982447744586,0.0007745796489548917,0.12330522637389782,0.23985351562499993,0.06348274739583332,0.012696549479166664,True
0.2,1.2,801,11,0.2770819366246657,0.004446281175654247,0.0008892562351308494,0.12380295919401012,0.23985351562499993,0.06348274739583332,0.012696549479166664,True
0.2,1.2,801,12,0.2015390456835425,0.0038120195284364593,0.0007624039056872919,0.12534106136376288,0.23985351562499993,0.06348274739583332,0.012696549479166664,True
0.2,1.2,801,13,0.28398853685676656,0.004499760812631786,0.0008999521625263573,0.12595185955048468,0.23985351562499993,0.06348274739583332,0.012696549479166664,True
0.2,1.2,801,14,0.1947078571853369,0.0037504425410196055,0.0007500885082039211,0.1277103106605897,0.23985351562499993,0.06348274739583332,0.012696549479166664,True
0.2,1.2,801,15,0.2909019440464031,0.004552385594722302,0.0009104771189444604,0.1284410067398045,0.23985351562499993,0.06348274739583332,0.012696549479166664,True
0.2,1.2,801,16,0.18788215182309373,0.0036881202172314256,0.0007376240434462852,0.13039406586628882,0.23985351562499993,0.06348274739583332,0.012696549479166664,True
0.2,1.2,801,17,0.29782218016120665,0.00460409784607249,0.0009208195692144981,0.13125222877850673,0.23985351562499993,0.06348274739583332,0.012696549479166664,True
0.2,1.2,801,18,0.18106177493185077,0.0036249927656847375,0.0007249985531369475,0.13337268060282356,0.23985351562499993,0.06348274739583332,0.012696549479166664,True
0.2,1.2,801,19,0.30474925046483003,0.004654835785539595,0.000930967157107919,0.13436647326664364,0.23985351562499993,0.06348274739583332,0.012696549479166664,True
0.2,1.2,801,20,0.17424656678223557,0.003560986315698638,0.0007121972631397277,0.1366262842217268,0.23985351562499993,0.06348274739583332,0.012696549479166664,True
0.2,1.2,801,21,0.31168314227311955,0.004704534478928008,0.0009409068957856017,0.13776432237422168,0.23985351562499993,0.06348274739583332,0.012696549479166664,True
0.2,1.2,801,22,0.1674363628464184,0.0034960112471903444,0.000699202249438069,0.14013521353187447,0.23985351562499993,0.06348274739583332,0.012696549479166664,True
0.2,1.2,801,23,0.31862382372574694,0.004753126957562056,0.0009506253915124111,0.14142642859656837,0.23985351562499993,0.06348274739583332,0.012696549479166664,True
0.2,1.2,801,24,0.1606309940478145,0.0034299600864002504,0.0006859920172800501,0.1438803564757039,0.23985351562499993,0.06348274739583332,0.012696549479166664,True
0.2,1.2,801,25,0.32557124261957915,0.004800545492654783,0.0009601090985309566,0.1453338639200749,0.23985351562499993,0.06348274739583332,0.012696549479166664,True
0.2,1.2,801,26,0.15383028693855555,0.0033627049606143045,0.000672540992122861,0.14784341000968035,0.23985351562499993,0.06348274739583332,0.012696549479166664,True
0.2,1.2,801,27,0.3325253253371441,0.004846723040610646,0.0009693446081221292,0.14946838369390672,0.23985351562499993,0.06348274739583332,0.012696549479166664,True
0.2,1.2,801,28,0.14703406385963197,0.003294094342893235,0.0006588188685786471,0.15200706053118798,0.23985351562499993,0.06348274739583332,0.012696549479166664,True
0.2,1.2,801,29,0.33948597591931,0.004891594842151759,0.000978318968430352,0.15381261253412354,0.23985351562499993,0.06348274739583332,0.012696549479166664,True
0.2,1.2,801,30,0.1402421430578575,0.0032239490085772815,0.0006447898017154564,0.15635509802054404,0.23985351562499993,0.06348274739583332,0.012696549479166664,True
0.2,1.2,801,31,0.34645307531947694,0.004935100151174235,0.000987020030234847,0.15835016298885363,0.23985351562499993,0.06348274739583332,0.012696549479166664,True
0.2,1.2,801,32,0.13345433874219895,0.003152056910847569,0.0006304113821695139,0.16087247651142245,0.23985351562499993,0.06348274739583332,0.012696549479166664,True
0.2,1.2,801,33,0.3534264808840863,0.004977184063684154,0.000995436812736831,0.16306569903259885,0.23985351562499993,0.06348274739583332,0.012696549479166664,True
0.2,1.2,801,34,0.12667046111141475,0.0030781665597106695,0.000615633311942134,0.16554533328661336,0.23985351562499993,0.06348274739583332,0.012696549479166664,True
0.2,1.2,801,35,0.36040602608811234,0.005017799398303198,0.0010035598796606395,0.16794495632907358,0.23985351562499993,0.06348274739583332,0.012696549479166664,True
0.2,1.2,801,36,0.11989031631124615,0.003001978556780633,0.0006003957113561267,0.1703609778882568,0.23985351562499993,0.06348274739583332,0.012696549479166664,True
0.2,1.2,801,37,0.3673915205492468,0.0050569085739883895,0.0010113817147976779,0.1729747301434577,0.23985351562499993,0.06348274739583332,0.012696549479166664,True
0.2,1.2,801,38,0.11311370631428662,0.0029231343957784985,0.0005846268791556997,0.17530786112146143,0.23985351562499993,0.06348274739583332,0.012696549479166664,True
0.2,1.2,801,39,0.37438275032747365,0.005094485424917215,0.0010188970849834432,0.17814284025346225,0.23985351562499993,0.06348274739583332,0.012696549479166664,True
0.2,1.2,801,40,0.10634042872949209,0.0028412016297582362,0.0005682403259516473,0.18037553233175319,0.23985351562499993,0.06348274739583332,0.012696549479166664,True
0.2,1.2,801,41,0.38137947850018067,0.00513051688387466,0.001026103376774932,0.1834380805357221,0.23985351562499993,0.06348274739583332,0.012696549479166664,True
0.2,1.2,801,42,0.09957027644090158,0.002755653780569247,0.0005511307561138494,0.1855545924837516,0.23985351562499993,0.06348274739583332,0.012696549479166664,True
0.2,1.2,801,43,0.38838144598639296,0.005165004476179348,0.0010330008952358697,0.18885015926498505,0.23985351562499993,0.06348274739583332,0.012696549479166664,True
0.2,1.2,801,44,0.09280303713220045,0.002665842547830994,0.0005331685095661988,0.19083664974560088,0.23985351562499993,0.06348274739583332,0.012696549479166664,True
0.2,1.2,801,45,0.3953883725717312,0.005197965568652548,0.0010395931137305097,0.19436963470668048,0.23985351562499993,0.06348274739583332,0.012696549479166664,True
0.2,1.2,801,46,0.08603849250886371,0.002570958592058151,0.0005141917184116302,0.19621428438653582,0.23985351562499993,0.06348274739583332,0.012696549479166664,True
0.2,1.2,801,47,0.40239995807709433,0.005229434332186562,0.0010458868664373125,0.1999878493443964,0.23985351562499993,0.06348274739583332,0.012696549479166664,True
0.2,1.2,801,48,0.07927641722274277,0.0024699744816334256,0.0004939948963266852,0.20168103124986014,0.23985351562499993,0.06348274739583332,0.012696549479166664,True
0.2,1.2,801,49,0.40941588359247455,0.005259462399790662,0.0010518924799581325,0.2056968650554959,0.23985351562499993,0.06348274739583332,0.012696549479166664,True
0.2,1.2,801,50,0.0725165772405145,0.0023615590780498197,0.00047231181560996395,0.20723139142853064,0.23985351562499993,0.06348274739583332,0.012696549479166664,True
0.2,1.2,801,51,0.4164358127021969,0.005288119214840278,0.0010576238429680558,0.21148940076882233,0.23985351562499993,0.06348274739583332,0.012696549479166664,True
0.2,1.2,801,52,0.06575872743480635,0.0022439437593759514,0.0004487887518751903,0.21286089250561432,0.23985351562499993,0.06348274739583332,0.012696549479166664,True
0.2,1.2,801,53,0.4234593926173391,0.005315492097519348,0.0010630984195038697,0.21735877351025637,0.23985351562499993,0.06348274739583332,0.012696549479166664,True
0.2,1.2,801,54,0.059002607917282804,0.0021147029423717405,0.00042294058847434815,0.2185662332998246,0.23985351562499993,0.06348274739583332,0.012696549479166664,True
0.2,1.2,801,55,0.4304862551408143,0.0053416860733439655,0.001068337214668793,0.2232988433067359,0.23985351562499993,0.06348274739583332,0.012696549479166664,True
0.2,1.2,801,56,0.052247938362186504,0.0019703708306140237,0.00039407416612280476,0.2243455872151686,0.23985351562499993,0.06348274739583332,0.012696549479166664,True
0.2,1.2,801,57,0.4375160174046903,0.005366823525458498,0.0010733647050916995,0.22930396210932535,0.23985351562499993,0.06348274739583332,0.012696549479166664,True
0.2,1.2,801,58,0.045494408787628796,0.0018057149171048952,0.00036114298342097904,0.23019923490782745,0.23985351562499993,0.06348274739583332,0.012696549479166664,True
0.2,1.2,801,59,0.4445482823203313,0.005391043759527808,0.0010782087519055617,0.23536892666180373,0.23985351562499993,0.06348274739583332,0.012696549479166664,True
0.2,1.2,801,60,0.03874166429261263,0.0016121926622623237,0.00032243853245246475,0.23613097831182478,0.23985351562499993,0.06348274739583332,0.012696549479166664,True
0.2,1.2,801,61,0.4515826387207871,0.005414502572063091,0.0010829005144126183,0.24148893513899194,0.23985351562499993,0.06348274739583332,0.012696549479166664,True
0.2,1.2,801,62,0.031989278008778925,0.0013740627992806496,0.0002748125598561299,0.24215180381122298,0.23985351562499993,0.06348274739583332,0.012696549479166664,True
0.2,1.2,801,63,0.4586186611598331,0.005437371931610293,0.0010874743863220587,0.2476595472660144,0.23985351562499993,0.06348274739583332,0.012696549479166664,True
0.2,1.2,801,64,0.025236700427045632,0.0010552407568334076,0.00021104815136668153,0.24829247210973268,0.23985351562499993,0.06348274739583332,0.012696549479166664,True
0.2,1.2,801,65,0.46565590937343815,0.005459839875551599,0.0010919679751103199,0.2538766476282397,0.23985351562499993,0.06348274739583332,0.012696549479166664,True
0.2,1.2,801,66,0.018483155977239877,0.000505821099244996,0.00010116421984899919,0.2546943444869601,0.23985351562499993,0.06348274739583332,0.012696549479166664,True
0.2,1.2,801,67,0.472693927402344,0.005482110753764562,0.0010964221507529124,0.26013641183076297,0.23985351562499993,0.06348274739583332,0.012696549479166664,True
0.2,1.2,801,68,0.0063276963513965905,4.2267506187129e-14,8.4535012374258e-15,0.2658092269562494,0.23985351562499993,0.06348274739583332,0.012696549479166664,True
0.2,1.2,801,69,0.4797322423951703,0.0055044059084908455,0.001100881181698169,0.2664352752234014,0.23985351562499993,0.06348274739583332,0.012696549479166664,True
0.2,1.2,801,70,-7.807104045989644e-13,7.951256309356484e-14,1.590251261871297e-14,0.2713852350915557,0.23985351562499993,0.06348274739583332,0.012696549479166664,True
0.2,1.2,801,71,0.48677036309141797,0.005526964995510862,0.0011053929991021725,0.27276990379675037,0.23985351562499993,0.06348274739583332,0.012696549479166664,True
0.2,1.2,801,72,0.493807777981802,0.005550047998855028,0.0011100095997710056,0.2791371670108982,0.23985351562499993,0.06348274739583332,0.012696549479166664,True
0.2,1.2,801,73,0.5008439531496774,0.005573938229914684,0.001114787645982937,0.2855341121396562,0.23985351562499993,0.06348274739583332,0.012696549479166664,True
0.2,1.2,801,74,0.5078783297377917,0.00559894644490539,0.001119789288981078,0.2919579398308995,0.23985351562499993,0.06348274739583332,0.012696549479166664,True
0.2,1.2,801,75,0.51491032098252,0.005625416492587735,0.001125083298517547,0.29840598038657895,0.23985351562499993,0.06348274739583332,0.012696549479166664,True
0.2,1.2,801,76,0.3916835446142666,0.19534123124504707,0.03906824624900942,0.30430083265567154,0.23985351562499993,0.06348274739583332,0.012696549479166664,True
0.2,1.2,801,77,0.5219393086444929,0.005653732799888447,0.0011307465599776894,0.3048756702985469,0.23985351562499993,0.06348274739583332,0.012696549479166664,True
0.2,1.2,801,78,0.5289646386574647,0.005684330403145744,0.0011368660806291488,0.3113645283081157,0.23985351562499993,0.06348274739583332,0.012696549479166664,True
0.2,1.2,801,79,0.5359856156034727,0.005717708259085939,0.0011435416518171878,0.3178701301216269,0.23985351562499993,0.06348274739583332,0.012696549479166664,True
0.2,1.2,801,80,0.5430014954514453,0.005754447166020838,0.0011508894332041676,0.32439008040097095,0.23985351562499993,0.06348274739583332,0.012696549479166664,True
0.2,1.25,561,1,0.269449401338611,0.007135553322925697,0.0014271106645851394,0.09643517512460617,0.26803873697916675,0.05534798177083333,0.011069596354166667,True
0.2,1.25,561,2,0.2793158893679417,0.007255290090602366,0.0014510580181204733,0.09684421582210617,0.26803873697916675,0.05534798177083333,0.011069596354166667,True
0.2,1.25,561,3,0.25959732950513187,0.007013674896677265,0.0014027349793354531,0.09703647893531099,0.26803873697916675,0.05534798177083333,0.011069596354166667,True
0.2,1.25,561,4,0.2891969146320243,0.007372668413357496,0.0014745336826714993,0.09825574409968038,0.26803873697916675,0.05534798177083333,0.011069596354166667,True
0.2,1.25,561,5,0.24975947886849623,0.006889842095308408,0.0013779684190616817,0.09862502968479779,0.26803873697916675,0.05534798177083333,0.011069596354166667,True
0.2,1.25,561,6,0.2990925142787504,0.007487450823835597,0.0014974901647671194,0.10063229488929609,0.26803873697916675,0.05534798177083333,0.011069596354166667,True
0.2,1.25,561,7,0.23993559002395626,0.006764205616448409,0.0013528411232896819,0.10114998808929085,0.26803873697916675,0.05534798177083333,0.011069596354166667,True
0.2,1.25,561,8,0.3090026317805565,0.007599390097665311,0.0015198780195330623,0.10391223558553174,0.26803873697916675,0.05534798177083333,0.011069596354166667,True
0.2,1.25,561,9,0.2301253479822088,0.006636873766185317,0.0013273747532370635,0.10453952954455356,0.26803873697916675,0.05534798177083333,0.011069596354166667,True
0.2,1.25,561,10,0.3189271079642114,0.007708242484978663,0.0015416484969957326,0.10801761587078448,0.26803873697916675,0.05534798177083333,0.011069596354166667,True
0.2,1.25,561,11,0.22032839003644247,0.006507907421378149,0.0013015814842756298,0.10870919305760833,0.26803873697916675,0.05534798177083333,0.011069596354166667,True
0.2,1.25,561,12,0.32886567363349317,0.007813783223144521,0.0015627566446289043,0.11286237791679672,0.26803873697916675,0.05534798177083333,0.011069596354166667,True
0.2,1.25,561,13,0.2105443125817302,0.006377315229502022,0.0012754630459004045,0.11356986203567217,0.26803873697916675,0.05534798177083333,0.011069596354166667,True
0.2,1.25,561,14,0.33881794458404046,0.007915824013018768,0.0015831648026037538,0.1183593451630358,0.26803873697916675,0.05534798177083333,0.011069596354166667,True
0.2,1.25,561,15,0.20077267686454284,0.00624504850146551,0.001249009700293102,0.11903409203235918,0.26803873697916675,0.05534798177083333,0.011069596354166667,True
0.2,1.25,561,16,0.3487834197039992,0.008014231830155203,0.0016028463660310408,0.12442523587327628,0.26803873697916675,0.05534798177083333,0.011069596354166667,True
0.2,1.25,561,17,0.19101301370910562,0.006110995218912609,0.0012221990437825219,0.12502034004165932,0.26803873697916675,0.05534798177083333,0.011069596354166667,True
0.2,1.25,561,18,0.35876148260336044,0.008108948161322821,0.0016217896322645643,0.13098366981816478,0.26803873697916675,0.05534798177083333,0.011069596354166667,True
0.2,1.25,561,19,0.18126482728102922,0.005974972522437485,0.0011949945044874971,0.131455268335922,0.26803873697916675,0.05534798177083333,0.011069596354166667,True
0.2,1.25,561,20,0.3687514068117907,0.008200007593946412,0.0016400015187892825,0.1379665457303063,0.26803873697916675,0.05534798177083333,0.011069596354166667,True
0.2,1.25,561,21,0.17152759796870512,0.0058367169116340534,0.0011673433823268108,0.1382745867646249,0.26803873697916675,0.05534798177083333,0.011069596354166667,True
0.2,1.25,561,22,0.3787523640864339,0.008287554702252833,0.0016575109404505667,0.14531428839159535,0.26803873697916675,0.05534798177083333,0.011069596354166667,True
0.2,1.25,561,23,0.1618007844376556,0.005695871196048836,0.0011391742392097672,0.14542293800613051,0.26803873697916675,0.05534798177083333,0.011069596354166667,True
0.2,1.25,561,24,0.1520838248981699,0.005551966884257974,0.001110393376851595,0.1528532434397381,0.26803873697916675,0.05534798177083333,0.011069596354166667,True
0.2,1.25,561,25,0.3887634348503674,0.008371858430900346,0.0016743716861800694,0.1529754141432115,0.26803873697916675,0.05534798177083333,0.011069596354166667,True
0.2,1.25,561,26,0.14237613756018858,0.005404400134543216,0.0010808800269086433,0.16052580564936492,0.26803873697916675,0.05534798177083333,0.011069596354166667,True
0.2,1.25,561,27,0.39878361933596435,0.008453323669596936,0.0016906647339193872,0.16090574910866384,0.26803873697916675,0.05534798177083333,0.011069596354166667,True
0.2,1.25,561,28,0.13267712021634806,0.005252398537917417,0.0010504797075834836,0.16840735473971505,0.26803873697916675,0.05534798177083333,0.011069596354166667,True
0.2,1.25,561,29,0.4088118477228696,0.008532500404176519,0.0017065000808353038,0.1690675187338656,0.26803873697916675,0.05534798177083333,0.011069596354166667,True
0.2,1.25,561,30,0.12298614874690024,0.005094974489089732,0.0010189948978179464,0.17647014567998567,0.26803873697916675,0.05534798177083333,0.011069596354166667,True
0.2,1.25,561,31,0.41884698746786125,0.008610091639409647,0.0017220183278819296,0.17742843602762481,0.26803873697916675,0.05534798177083333,0.011069596354166667,True
0.2,1.25,561,32,0.11330257421192837,0.004930858478541008,0.0009861716957082016,0.1846911620847357,0.26803873697916675,0.05534798177083333,0.011069596354166667,True
0.2,1.25,561,33,0.4288878460891184,0.008686962145169971,0.0017373924290339942,0.18596085316940042,0.26803873697916675,0.05534798177083333,0.011069596354166667,True
0.2,1.25,561,34,0.10362571790865541,0.004758401327598774,0.0009516802655197549,0.19305145282429326,0.26803873697916675,0.05534798177083333,0.011069596354166667,True
0.2,1.25,561,35,0.43893316778123787,0.008764150951353222,0.0017528301902706444,0.19464100198682613,0.26803873697916675,0.05534798177083333,0.011069596354166667,True
0.2,1.25,561,36,0.09395486330584989,0.0045754265875924995,0.0009150853175184999,0.20153561598994923,0.26803873697916675,0.05534798177083333,0.011069596354166667,True
0.2,1.25,561,37,0.44898162221454124,0.008842891472549996,0.0017685782945099993,0.203448326146734,0.26803873697916675,0.05534798177083333,0.011069596354166667,True
0.2,1.25,561,38,0.08428924289901972,0.004378999400272508,0.0008757998800545015,0.210131447504347,0.26803873697916675,0.05534798177083333,0.011069596354166667,True
0.2,1.25,561,39,0.45903178344895296,0.008924644375780097,0.0017849288751560196,0.2123648954497652,0.26803873697916675,0.05534798177083333,0.011069596354166667,True
0.2,1.25,561,40,0.0746280163439939,0.0041650477588275085,0.0008330095517655018,0.21882979183129123,0.26803873697916675,0.05534798177083333,0.011069596354166667,True
0.2,1.25,561,41,0.46908209568827275,0.009011150186720598,0.0018022300373441197,0.22137488549078005,0.26803873697916675,0.05534798177083333,0.011069596354166667,True
0.2,1.25,561,42,0.0649702327320425,0.00392770544957324,0.000785541089914648,0.22762468382181947,0.26803873697916675,0.05534798177083333,0.011069596354166667,True
0.2,1.25,561,43,0.4791308199286948,0.00910451182353349,0.0018209023647066981,0.2304641003172462,0.26803873697916675,0.05534798177083333,0.011069596354166667,True
0.2,1.25,561,44,0.05531476206949464,0.0036580847648623894,0.0007316169529724779,0.23651399812975626,0.26803873697916675,0.05534798177083333,0.011069596354166667,True
0.2,1.25,561,45,0.4891759500678991,0.009207322872452352,0.0018414645744904705,0.23961950802670134,0.26803873697916675,0.05534798177083333,0.011069596354166667,True
0.2,1.25,561,46,0.04566016199485794,0.0033417441166482434,0.0006683488233296487,0.24550117236344549,0.26803873697916675,0.05534798177083333,0.011069596354166667,True
0.2,1.25,561,47,0.49921507576780416,0.009322867545965055,0.0018645735091930111,0.24882874466863258,0.26803873697916675,0.05534798177083333,0.011069596354166667,True
0.2,1.25,561,48,0.03600439366039139,0.0029526595028833693,0.0005905319005766739,0.25459971653877517,0.26803873697916675,0.05534798177083333,0.011069596354166667,True
0.2,1.25,561,49,0.509245145044023,0.00945543670335219,0.001891087340670438,0.258079511125221,0.26803873697916675,0.05534798177083333,0.011069596354166667,True
0.2,1.25,561,50,0.02634413459454169,0.002435182947309684,0.0004870365894619368,0.2638471867184048,0.26803873697916675,0.05534798177083333,0.011069596354166667,True
0.2,1.25,561,51,0.5192620239719624,0.009610837943149472,0.0019221675886298946,0.26735872012994366,0.26803873697916675,0.05534798177083333,0.011069596354166667,True
0.2,1.25,561,52,0.016672777752637244,0.0016180432931529184,0.0003236086586305837,0.2733724028008946,0.26803873697916675,0.05534798177083333,0.011069596354166667,True
0.2,1.25,561,53,0.5292596132060517,0.00979723716050104,0.001959447432100208,0.27665109346424865,0.26803873697916675,0.05534798177083333,0.011069596354166667,True
0.2,1.25,561,54,0.008243095472867858,1.2881012671250043e-13,2.5762025342500087e-14,0.28239577137420163,0.26803873697916675,0.05534798177083333,0.011069596354166667,True
0.2,1.25,561,55,0.005701887402478402,4.2619104586622764e-14,8.523820917324553e-15,0.28473534903524206,0.26803873697916675,0.05534798177083333,0.011069596354166667,True
0.2,1.25,561,56,0.5392279088040768,0.010026554607873198,0.0020053109215746397,0.2859365208493497,0.26803873697916675,0.05534798177083333,0.011069596354166667,True
0.2,1.25,561,57,-1.1259222385308022e-11,1.7672188498594293e-14,3.534437699718859e-15,0.2899971739031829,0.26803873697916675,0.05534798177083333,0.011069596354166667,True
0.2,1.25,561,58,0.549148291713203,0.01031661466730847,0.002063322933461694,0.2951844810548444,0.26803873697916675,0.05534798177083333,0.011069596354166667,True
0.2,1.25,561,59,0.37320252717970526,0.19549809125651296,0.03909961825130259,0.29937874928714436,0.26803873697916675,0.05534798177083333,0.011069596354166667,True
0.2,1.25,561,60,0.5589808597566657,0.010692859297956646,0.0021385718595913292,0.3043413193415375,0.26803873697916675,0.05534798177083333,0.011069596354166667,True
0.2,1.25,561,61,0.5686296065288544,0.011176039742984721,0.0022352079485969444,0.31330418558755935,0.26803873697916675,0.05534798177083333,0.011069596354166667,True
0.2,1.25,561,62,0.5778930686321734,0.0116721752212788,0.0023344350442557602,0.32193168709393594,0.26803873697916675,0.05534798177083333,0.011069596354166667,True
0.2,1.25,561,63,0.5867354538293008,0.01173469769178024,0.0023469395383560483,0.3304180254218817,0.26803873697916675,0.05534798177083333,0.011069596354166667,True
0.2,1.25,561,64,0.5957524614963802,0.011176501190135002,0.0022353002380270004,0.3394123804808954,0.26803873697916675,0.05534798177083333,0.011069596354166667,True
0.2,1.25,561,65,0.6051936830597651,0.010481920879369732,0.0020963841758739467,0.3488915466821706,0.26803873697916675,0.05534798177083333,0.011069596354166667,True
0.2,1.25,561,66,0.6148531481831175,0.009882079640198244,0.0019764159280396486,0.358537067602435,0.26803873697916675,0.05534798177083333,0.011069596354166667,True
0.2,1.25,561,67,0.6245913434529953,0.009380824258305984,0.001876164851661197,0.36821417607474977,0.26803873697916675,0.05534798177083333,0.011069596354166667,True
0.2,1.25,561,68,0.6343492866085753,0.008951591488788957,0.0017903182977577915,0.37788082631249564,0.26803873697916675,0.05534798177083333,0.011069596354166667,True
0.2,1.25,561,69,0.6440999975595934,0.00857368685643076,0.001714737371286152,0.3875221417781151,0.26803873697916675,0.05534798177083333,0.011069596354166667,True
0.2,1.25,561,70,0.6538288347426863,0.00823324885012277,0.001646649770024554,0.39713120220544934,0.26803873697916675,0.05534798177083333,0.011069596354166667,True
0.2,1.25,561,71,0.6635263636916141,0.007920986760236608,0.0015841973520473217,0.40670350663054866,0.26803873697916675,0.05534798177083333,0.011069596354166667,True
0.2,1.25,561,72,0.6731855417530134,0.0076304980319670335,0.0015260996063934068,0.4162352296910165,0.26803873697916675,0.05534798177083333,0.011069596354166667,True
0.2,1.25,561,73,0.6828004881287141,0.007357231799823583,0.0014714463599647166,0.42572263100258007,0.26803873697916675,0.05534798177083333,0.011069596354166667,True
0.2,1.25,561,74,0.6923658963769411,0.007097860289283087,0.0014195720578566175,0.43516184930956625,0.26803873697916675,0.05534798177083333,0.011069596354166667,True
0.2,1.25,561,75,0.701876732275321,0.006849889551929868,0.0013699779103859737,0.44454883416569546,0.26803873697916675,0.05534798177083333,0.011069596354166667,True
0.2,1.25,561,76,0.7113280688772562,0.00661141123886993,0.0013222822477739862,0.4538793286805675,0.26803873697916675,0.05534798177083333,0.011069596354166667,True
0.2,1.25,561,77,0.720714992206666,0.006380939550348993,0.0012761879100697988,0.46314887125208765,0.26803873697916675,0.05534798177083333,0.011069596354166667,True
0.2,1.25,561,78,0.7300325455549955,0.0061573011190577944,0.0012314602238115589,0.47235280396578505,0.26803873697916675,0.05534798177083333,0.011069596354166667,True
0.2,1.25,561,79,0.7392756960708005,0.005939558763976057,0.0011879117527952114,0.48148628295106,0.26803873697916675,0.05534798177083333,0.011069596354166667,True
0.2,1.25,561,80,0.7484393149038551,0.005726957498371597,0.0011453914996743194,0.4905442889992375,0.26803873697916675,0.05534798177083333,0.011069596354166667,True
0.2,1.25,801,1,0.27024102000964945,0.004645068604824656,0.0009290137209649312,0.10142973757545473,0.26803873697916675,0.05534798177083333,0.011069596354166667,True
0.2,1.25,801,2,0.26334562194430056,0.0045857952464221615,0.0009171590492844323,0.10163278827074917,0.26803873697916675,0.05534798177083333,0.011069596354166667,True
0.2,1.25,801,3,0.277143133553252,0.004703607856582633,0.0009407215713165267,0.1016971015990326,0.26803873697916675,0.05534798177083333,0.011069596354166667,True
0.2,1.25,801,4,0.25645688756287566,0.0045258308307670235,0.0009051661661534047,0.10230202021759478,0.26803873697916675,0.05534798177083333,0.011069596354166667,True
0.2,1.25,801,5,0.28405199916612606,0.004761365650194345,0.000952273130038869,0.1024326485453533,0.26803873697916675,0.05534798177083333,0.011069596354166667,True
0.2,1.25,801,6,0.24957475104165525,0.004465213188230841,0.0008930426376461682,0.10342699517642064,0.26803873697916675,0.05534798177083333,0.011069596354166667,True
0.2,1.25,801,7,0.290967637037984,0.0048182913721208885,0.0009636582744241778,0.10362785776549739,0.26803873697916675,0.05534798177083333,0.011069596354166667,True
0.2,1.25,801,8,0.24269913366075144,0.004403974133716196,0.0008807948267432393,0.10499172897355886,0.26803873697916675,0.05534798177083333,0.011069596354166667,True
0.2,1.25,801,9,0.29789004977244177,0.004874332359174264,0.0009748664718348529,0.10526850438381953,0.26803873697916675,0.05534798177083333,0.011069596354166667,True
0.2,1.25,801,10,0.2358299448763391,0.004342138752804699,0.00086842775056094,0.10697565319567949,0.26803873697916675,0.05534798177083333,0.011069596354166667,True
0.2,1.25,801,11,0.304819221235917,0.004929435264526418,0.0009858870529052836,0.10733556423383438,0.26803873697916675,0.05534798177083333,0.011069596354166667,True
0.2,1.25,801,12,0.2289670833292258,0.004279724755572854,0.0008559449511145708,0.10935475123307513,0.26803873697916675,0.05534798177083333,0.011069596354166667,True
0.2,1.25,801,13,0.3117551154878324,0.004983547611168445,0.0009967095222336892,0.10980631431209137,0.26803873697916675,0.05534798177083333,0.011069596354166667,True
0.2,1.25,801,14,0.22211043776428777,0.0042167418508601015,0.0008433483701720204,0.11210273614763785,0.26803873697916675,0.05534798177083333,0.011069596354166667,True
0.2,1.25,801,15,0.3186976758253579,0.005036619504157356,0.0010073239008314711,0.11265549599347989,0.26803873697916675,0.05534798177083333,0.011069596354166667,True
0.2,1.25,801,16,0.21525988789050182,0.004153191133426187,0.0008306382266852375,0.11519215800025567,0.26803873697916675,0.05534798177083333,0.011069596354166667,True
0.2,1.25,801,17,0.3256468239910972,0.005088605511935436,0.0010177211023870874,0.11585642535875179,0.26803873697916675,0.05534798177083333,0.011069596354166667,True
0.2,1.25,801,18,0.20841530513259704,0.004089064431061516,0.0008178128862123033,0.11859536269409855,0.26803873697916675,0.05534798177083333,0.011069596354166667,True
0.2,1.25,801,19,0.33260245957567625,0.005139466677005998,0.0010278933354011996,0.11938196776409485,0.26803873697916675,0.05534798177083333,0.011069596354166667,True
0.2,1.25,801,20,0.2015765533351858,0.00402434359678486,0.000804868719356972,0.12228526156658795,0.26803873697916675,0.05534798177083333,0.011069596354166667,True
0.2,1.25,801,21,0.33956445965151594,0.005189172625831614,0.0010378345251663228,0.12320533082290164,0.26803873697916675,0.05534798177083333,0.011069596354166667,True
0.2,1.25,801,22,0.19474348936963035,0.00395899969916261,0.0007917999398325221,0.1262359031163212,0.26803873697916675,0.05534798177083333,0.011069596354166667,True
0.2,1.25,801,23,0.3465326786643732,0.005237703737474575,0.0010475407474949152,0.12730066276183585,0.26803873697916675,0.05534798177083333,0.011069596354166667,True
0.2,1.25,801,24,0.18791596366559896,0.003892992081952741,0.0007785984163905483,0.13042286095232156,0.26803873697916675,0.05534798177083333,0.011069596354166667,True
0.2,1.25,801,25,0.3535069485874791,0.005285053313879946,0.0010570106627759892,0.13164346705502478,0.26803873697916675,0.05534798177083333,0.011069596354166667,True
0.2,1.25,801,26,0.1810938207135059,0.0038262672242500018,0.0007652534448500004,0.13482346510797458,0.26803873697916675,0.05534798177083333,0.011069596354166667,True
0.2,1.25,801,27,0.36048707933794283,0.005331229704736261,0.0010662459409472524,0.13621085842858188,0.26803873697916675,0.05534798177083333,0.011069596354166667,True
0.2,1.25,801,28,0.17427689944302815,0.003758757398829444,0.0007517514797658888,0.13941690881443716,0.26803873697916675,0.05534798177083333,0.011069596354166667,True
0.2,1.25,801,29,0.3674728594310922,0.005376258331650364,0.0010752516663300729,0.14098169129966223,0.26803873697916675,0.05534798177083333,0.011069596354166667,True
0.2,1.25,801,30,0.1674650336119408,0.0036903789835074784,0.0007380757967014957,0.14418426235873075,0.26803873697916675,0.05534798177083333,0.011069596354166667,True
0.2,1.25,801,31,0.3744640568295905,0.005420183574367762,0.0010840367148735525,0.1459365918344435,0.26803873697916675,0.05534798177083333,0.011069596354166667,True
0.2,1.25,801,32,0.160658052075171,0.003621030443793998,0.0007242060887587996,0.14910842184400855,0.26803873697916675,0.05534798177083333,0.011069596354166667,True
0.2,1.25,801,33,0.381460419929789,0.005463070488796138,0.0010926140977592276,0.15105792153282915,0.26803873697916675,0.05534798177083333,0.011069596354166667,True
0.2,1.25,801,34,0.1538557790577462,0.0035505897707968468,0.0007101179541593694,0.15417401581234974,0.26803873697916675,0.05534798177083333,0.011069596354166667,True
0.2,1.25,801,35,0.38846167861127007,0.005505006353876594,0.0011010012707753187,0.15632969540362565,0.26803873697916675,0.05534798177083333,0.011069596354166667,True
0.2,1.25,801,36,0.14705803432950562,0.0034789113527956433,0.0006957822705591287,0.15936728735136058,0.26803873697916675,0.05534798177083333,0.011069596354166667,True
0.2,1.25,801,37,0.39546754526637795,0.00554610206752272,0.001109220413504544,0.1617374726815988,0.26803873697916675,0.05534798177083333,0.011069596354166667,True
0.2,1.25,801,38,0.14026463336029893,0.0034058219880900437,0.0006811643976180088,0.1646759648740195,0.26803873697916675,0.05534798177083333,0.011069596354166667,True
0.2,1.25,801,39,0.40247771571852325,0.005586493443499988,0.0011172986886999977,0.16726823334598379,0.26803873697916675,0.05534798177083333,0.011069596354166667,True
0.2,1.25,801,40,0.1334753874048524,0.0033311158800031454,0.0006662231760006291,0.17008913074349455,0.26803873697916675,0.05534798177083333,0.011069596354166667,True
0.2,1.25,801,41,0.40949186994088504,0.0056263424928844515,0.0011252684985768903,0.1729102497674196,0.26803873697916675,0.05534798177083333,0.011069596354166667,True
0.2,1.25,801,42,0.12669010352177434,0.003254548237599687,0.0006509096475199374,0.1755970940801641,0.26803873697916675,0.05534798177083333,0.011069596354166667,True
0.2,1.25,801,43,0.4165096724830218,0.005665838819159653,0.0011331677638319307,0.17865295968013528,0.26803873697916675,0.05534798177083333,0.011069596354166667,True
0.2,1.25,801,44,0.11990858452889154,0.0031758269790686648,0.000635165395813733,0.18119127188527925,0.26803873697916675,0.05534798177083333,0.011069596354166667,True
0.2,1.25,801,45,0.4235307725295005,0.005705201276336168,0.0011410402552672336,0.18448684435613713,0.26803873697916675,0.05534798177083333,0.011069596354166667,True
0.2,1.25,801,46,0.11313062887225425,0.0030946019237918987,0.0006189203847583798,0.18686408102955387,0.26803873697916675,0.05534798177083333,0.011069596354166667,True
0.2,1.25,801,47,0.4305548035010704,0.005744680104196675,0.001148936020839335,0.19040331410633915,0.26803873697916675,0.05534798177083333,0.011069596354166667,True
0.2,1.25,801,48,0.10635603036773415,0.0030104504535674367,0.0006020900907134874,0.19260884287784333,0.26803873697916675,0.05534798177083333,0.011069596354166667,True
0.2,1.25,801,49,0.43758138212162967,0.0057845597919881815,0.0011569119583976363,0.19639460205136847,0.26803873697916675,0.05534798177083333,0.011069596354166667,True
0.2,1.25,801,50,0.09958457779954946,0.0029228581311841833,0.0005845716262368367,0.19841970189333982,0.26803873697916675,0.05534798177083333,0.011069596354166667,True
0.2,1.25,801,51,0.4446101068601099,0.00582516299037445,0.00116503259807489,0.20245366625843433,0.26803873697916675,0.05534798177083333,0.011069596354166667,True
0.2,1.25,801,52,0.0928160543318877,0.002831192109751087,0.0005662384219502174,0.20429155954012018,0.26803873697916675,0.05534798177083333,0.011069596354166667,True
0.2,1.25,801,53,0.4516405556209771,0.005866855875892139,0.0011733711751784278,0.20857409975331143,0.26803873697916675,0.05534798177083333,0.011069596354166667,True
0.2,1.25,801,54,0.08605023658091984,0.0027346637460786876,0.0005469327492157375,0.21022002571472254,0.26803873697916675,0.05534798177083333,0.011069596354166667,True
0.2,1.25,801,55,0.45867228251868786,0.005910055508489132,0.0011820111016978265,0.2147500474911533,0.26803873697916675,0.05534798177083333,0.011069596354166667,True
0.2,1.25,801,56,0.07928689333124375,0.0026322746043562326,0.0005264549208712465,0.21620139132007693,0.26803873697916675,0.05534798177083333,0.011069596354166667,True
0.2,1.25,801,57,0.4657048134708122,0.005955239888878783,0.0011910479777757568,0.2209761290231834,0.26803873697916675,0.05534798177083333,0.011069596354166667,True
0.2,1.25,801,58,0.07252578354992381,0.002522736174890252,0.0005045472349780504,0.22223262867480134,0.26803873697916675,0.05534798177083333,0.011069596354166667,True
0.2,1.25,801,59,0.47273764019203096,0.006002961720542208,0.0012005923441084417,0.22724736520277652,0.26803873697916675,0.05534798177083333,0.011069596354166667,True
0.2,1.25,801,60,0.06576665349536814,0.0024043457807443065,0.0004808691561488613,0.22831143231183362,0.26803873697916675,0.05534798177083333,0.011069596354166667,True
0.2,1.25,801,61,0.47977021192033203,0.0060538672987985025,0.0012107734597597006,0.23355910679545253,0.26803873697916675,0.05534798177083333,0.011069596354166667,True
0.2,1.25,801,62,0.059009232236185614,0.0022747859683286973,0.00045495719366573945,0.23443632462538724,0.26803873697916675,0.05534798177083333,0.011069596354166667,True
0.2,1.25,801,63,0.4868019237569877,0.00610872263182275,0.0012217445263645501,0.2399069620736804,0.26803873697916675,0.05534798177083333,0.011069596354166667,True
0.2,1.25,801,64,0.052253224640263274,0.0021307809118172533,0.0004261561823634507,0.24060687688517654,0.26803873697916675,0.05534798177083333,0.011069596354166667,True
0.2,1.25,801,65,0.49383209974394016,0.006168449976775403,0.0012336899953550807,0.2462867192086402,0.26803873697916675,0.05534798177083333,0.011069596354166667,True
0.2,1.25,801,66,0.04549829996031318,0.00196746238949345,0.0003934924778986901,0.24682415908137667,0.26803873697916675,0.05534798177083333,0.011069596354166667,True
0.2,1.25,801,67,0.5008599674312681,0.006234179728403266,0.0012468359456806533,0.25269425706470366,0.26803873697916675,0.05534798177083333,0.011069596354166667,True
0.2,1.25,801,68,0.03874407246896093,0.0017770748179419297,0.00035541496358838597,0.2530917056323048,0.26803873697916675,0.05534798177083333,0.011069596354166667,True
0.2,1.25,801,69,0.507884618102662,0.006307325560299077,0.0012614651120598154,0.25912543398544474,0.26803873697916675,0.05534798177083333,0.011069596354166667,True
0.2,1.25,801,70,0.031990066622181734,0.001545909404358612,0.0003091818808717224,0.25941786126057337,0.26803873697916675,0.05534798177083333,0.011069596354166667,True
0.2,1.25,801,71,0.5149049417940089,0.00638969577796723,0.001277939155593446,0.26557593669065854,0.26803873697916675,0.05534798177083333,0.011069596354166667,True
0.2,1.25,801,72,0.025235650180621728,0.0012450702830118087,0.0002490140566023617,0.2658229468739258,0.26803873697916675,0.05534798177083333,0.011069596354166667,True
0.2,1.25,801,73,0.5219195158097055,0.006483662785380304,0.0012967325570760607,0.2720410567161681,0.26803873697916675,0.05534798177083333,0.011069596354166667,True
0.2,1.25,801,74,0.018479893174131005,0.0007843950708070985,0.00015687901416141972,0.2723753962743172,0.26803873697916675,0.05534798177083333,0.011069596354166667,True
0.2,1.25,801,75,0.5289264025862396,0.0065924286495975875,0.0013184857299195175,0.2785153315466465,0.26803873697916675,0.05534798177083333,0.011069596354166667,True
0.2,1.25,801,76,0.012393885567993958,4.3027676512490103e-14,8.605535302498021e-15,0.2785819204425146,0.26803873697916675,0.05534798177083333,0.011069596354166667,True
0.2,1.25,801,77,0.006267547932233409,5.5597607636784356e-14,1.1119521527356871e-14,0.2842142708581656,0.26803873697916675,0.05534798177083333,0.011069596354166667,True
0.2,1.25,801,78,0.5359227588687581,0.006720453680950771,0.0013440907361901542,0.2849919211772016,0.26803873697916675,0.05534798177083333,0.011069596354166667,True
0.2,1.25,801,79,-2.7245830664733633e-11,7.769545378444557e-14,1.5539090756889116e-14,0.2899971739179132,0.26803873697916675,0.05534798177083333,0.011069596354166667,True
0.2,1.25,801,80,0.5429040207249473,0.006874163531673983,0.0013748327063347965,0.29146143557489845,0.26803873697916675,0.05534798177083333,0.011069596354166667,True
0.2,1.275,561,1,0.2793520034480304,0.00748497567861789,0.001496995135723578,0.0881561004253713,0.28134521484375,0.05155175781249999,0.010310351562499999,True
0.2,1.275,561,2,0.28923529978342544,0.007608383639884045,0.001521676727976809,0.08824020611406919,0.28134521484375,0.05155175781249999,0.010310351562499999,True
0.2,1.275,561,3,0.2694832249784092,0.007359293236923661,0.0014718586473847321,0.08917736542766735,0.28134521484375,0.05155175781249999,0.010310351562499999,True
0.2,1.275,561,4,0.29913310339413995,0.007729295094811673,0.0015458590189623346,0.08943177250649695,0.28134521484375,0.05155175781249999,0.010310351562499999,True
0.2,1.275,561,5,0.25962888207390084,0.0072315485869471376,0.0014463097173894276,0.09126183699749829,0.28134521484375,0.05155175781249999,0.010310351562499999,True
0.2,1.275,561,6,0.3090453011482785,0.007847492711224856,0.0015694985422449713,0.0916926710999765,0.28134521484375,0.05155175781249999,0.010310351562499999,True
0.2,1.275,561,7,0.24978880987132016,0.007101932378055637,0.0014203864756111276,0.0943342706517324,0.28134521484375,0.05155175781249999,0.010310351562499999,True
0.2,1.275,561,8,0.3189716692091867,0.00796278095389307,0.001592556190778614,0.0949512805729073,0.28134521484375,0.05155175781249999,0.010310351562499999,True
0.2,1.275,561,9,0.2399627712671303,0.006970604039021136,0.0013941208078042274,0.09829762826981323,0.28134521484375,0.05155175781249999,0.010310351562499999,True
0.2,1.275,561,10,0.3289118672102865,0.0080750056224659,0.0016150011244931801,0.09911356285258574,0.28134521484375,0.05155175781249999,0.010310351562499999,True
0.2,1.275,561,11,0.2301504667171229,0.0068376839893224475,0.0013675367978644897,0.10304511549417118,0.28134521484375,0.05155175781249999,0.010310351562499999,True
0.2,1.275,561,12,0.33886543552064174,0.008184075280120776,0.0016368150560241554,0.10407496980367201,0.28134521484375,0.05155175781249999,0.010310351562499999,True
0.2,1.275,561,13,0.220351543167758,0.006703247105506659,0.001340649421101332,0.10847019699004833,0.28134521484375,0.05155175781249999,0.010310351562499999,True
0.2,1.275,561,14,0.3488317960928042,0.008289983733494193,0.0016579967466988387,0.10973041070977972,0.28134521484375,0.05155175781249999,0.010310351562499999,True
0.2,1.275,561,15,0.21056560191852725,0.006567316847575331,0.0013134633695150663,0.11447337385414798,0.28134521484375,0.05155175781249999,0.010310351562499999,True
0.2,1.275,561,16,0.3588102569483521,0.008392832558622235,0.001678566511724447,0.11598105045457642,0.28134521484375,0.05155175781249999,0.010310351562499999,True
0.2,1.275,561,17,0.20079220534151415,0.006429859420104609,0.001285971884020922,0.12096582243758736,0.28134521484375,0.05155175781249999,0.010310351562499999,True
0.2,1.275,561,18,0.36880001978835986,0.00849285270868741,0.001698570541737482,0.12273801425335307,0.28134521484375,0.05155175781249999,0.010310351562499999,True
0.2,1.275,561,19,0.19103088245534303,0.006290777321561019,0.0012581554643122039,0.127870653610468,0.28134521484375,0.05155175781249999,0.010310351562499999,True
0.2,1.275,561,20,0.3788001895965588,0.008590424568846275,0.001718084913769255,0.12992373424574766,0.28134521484375,0.05155175781249999,0.010310351562499999,True
0.2,1.275,561,21,0.1812811334033851,0.006149901575253256,0.0012299803150506512,0.13512266498872225,0.28134521484375,0.05155175781249999,0.010310351562499999,True
0.2,1.275,561,22,0.3888097845255258,0.008686096461689356,0.0017372192923378713,0.13747179139393928,0.28134521484375,0.05155175781249999,0.010310351562499999,True
0.2,1.275,561,23,0.171542432912871,0.006006981828725165,0.001201396365745033,0.14266729617333154,0.28134521484375,0.05155175781249999,0.010310351562499999,True
0.2,1.275,561,24,0.3988277439013553,0.008780602539498087,0.0017561205078996174,0.1453259492565592,0.28134521484375,0.05155175781249999,0.010310351562499999,True
0.2,1.275,561,25,0.16181423278976723,0.005861673312769811,0.0011723346625539624,0.15045926677064292,0.28134521484375,0.05155175781249999,0.010310351562499999,True
0.2,1.275,561,26,0.4088529318633937,0.008874882181128923,0.0017749764362257848,0.1534388502113581,0.28134521484375,0.05155175781249999,0.010310351562499999,True
0.2,1.275,561,27,0.15209596350809895,0.005713519319440225,0.0011427038638880452,0.15846117948384963,0.28134521484375,0.05155175781249999,0.010310351562499999,True
0.2,1.275,561,28,0.4188841338755591,0.008970104427678814,0.001794020885535763,0.16177064958878895,0.28134521484375,0.05155175781249999,0.010310351562499999,True
0.2,1.275,561,29,0.14238703487245993,0.005561927326409126,0.0011123854652818252,0.1666422329827914,0.28134521484375,0.05155175781249999,0.010310351562499999,True
0.2,1.275,561,30,0.4289200428627018,0.009067702721575064,0.001813540544315013,0.17028772596020586,0.28134521484375,0.05155175781249999,0.010310351562499999,True
0.2,1.275,561,31,0.13268683568919062,0.0054061360230460405,0.0010812272046092082,0.17497710517151108,0.28134521484375,0.05155175781249999,0.010310351562499999,True
0.2,1.275,561,32,0.4389592306025667,0.009169427541395684,0.001833885508279137,0.17896151999929025,0.28134521484375,0.05155175781249999,0.010310351562499999,True
0.2,1.275,561,33,0.12299473224568977,0.00524516902724197,0.001049033805448394,0.18344502173334254,0.28134521484375,0.05155175781249999,0.010310351562499999,True
0.2,1.275,561,34,0.4490000974332746,0.009277428055196053,0.0018554856110392108,0.18776750379611584,0.28134521484375,0.05155175781249999,0.010310351562499999,True
0.2,1.275,561,35,0.11331006524657718,0.005077768717560806,0.0010155537435121611,0.1920290034076373,0.28134521484375,0.05155175781249999,0.010310351562499999,True
0.2,1.275,561,36,0.4590407877861102,0.009394379792810537,0.0018788759585621076,0.19668425135046685,0.28134521484375,0.05155175781249999,0.010310351562499999,True
0.2,1.275,561,37,0.10363214453289282,0.004902299303739342,0.0009804598607478685,0.20071527912930295,0.28134521484375,0.05155175781249999,0.010310351562499999,True
0.2,1.275,561,38,0.46907904721643173,0.009523685691004475,0.001904737138200895,0.20569255504838446,0.28134521484375,0.05155175781249999,0.010310351562499999,True
0.2,1.275,561,39,0.09396024041758962,0.004716600658928382,0.0009433201317856764,0.20949285530321027,0.28134521484375,0.05155175781249999,0.010310351562499999,True
0.2,1.275,561,40,0.479111970692871,0.009669796577512926,0.0019339593155025853,0.21477449668580684,0.28134521484375,0.05155175781249999,0.010310351562499999,True
0.2,1.275,561,41,0.08429356951502887,0.004517759796481832,0.0009035519592963666,0.21835324317316496,0.28134521484375,0.05155175781249999,0.010310351562499999,True
0.2,1.275,561,42,0.4891355320651534,0.009838731037860295,0.001967746207572059,0.2239123094914138,0.28134521484375,0.05155175781249999,0.010310351562499999,True
0.2,1.275,561,43,0.07463127108580682,0.004301737269271127,0.0008603474538542255,0.2272903700320458,0.28134521484375,0.05155175781249999,0.010310351562499999,True
0.2,1.275,561,44,0.4991436359033034,0.010038933003738667,0.0020077866007477334,0.23308670213130164,0.28134521484375,0.05155175781249999,0.010310351562499999,True
0.2,1.275,561,45,0.06497236605806407,0.004062721101575762,0.0008125442203151524,0.23630074930596257,0.28134521484375,0.05155175781249999,0.010310351562499999,True
0.2,1.275,561,46,0.5091260302078451,0.010282681694520094,0.002056536338904019,0.2422739078449399,0.28134521484375,0.05155175781249999,0.010310351562499999,True
0.2,1.275,561,47,0.055315682205090214,0.003791925567228431,0.0007583851134456863,0.2453840987701463,0.28134521484375,0.05155175781249999,0.010310351562499999,True
0.2,1.275,561,48,0.5190632279630818,0.0105881854594184,0.0021176370918836803,0.25143967626670893,0.28134521484375,0.05155175781249999,0.010310351562499999,True
0.2,1.275,561,49,0.045659707577518055,0.003475129764395565,0.000695025952879113,0.25454490172314237,0.28134521484375,0.05155175781249999,0.010310351562499999,True
0.2,1.275,561,50,0.5289129013353102,0.010980740894067677,0.0021961481788135354,0.2605259853641596,0.28134521484375,0.05155175781249999,0.010310351562499999,True
0.2,1.275,561,51,0.03600227507514173,0.003086884417762809,0.0006173768835525618,0.2637963872136512,0.28134521484375,0.05155175781249999,0.010310351562499999,True
0.2,1.275,561,52,0.5385735340069663,0.011476915932847463,0.0022953831865694927,0.2694260195048913,0.28134521484375,0.05155175781249999,0.010310351562499999,True
0.2,1.275,561,53,0.026339789229063156,0.002573543632437223,0.0005147087264874446,0.2731725259794623,0.28134521484375,0.05155175781249999,0.010310351562499999,True
0.2,1.275,561,54,0.5478440185542359,0.0119626069205823,0.0023925213841164603,0.2780122584572346,0.28134521484375,0.05155175781249999,0.010310351562499999,True
0.2,1.275,561,55,0.01666492748454269,0.001776872537195077,0.0003553745074390154,0.28278226842083226,0.28134521484375,0.05155175781249999,0.010310351562499999,True
0.2,1.275,561,56,0.5567335259670867,0.011984198908525527,0.0023968397817051056,0.28653287555504275,0.28134521484375,0.05155175781249999,0.010310351562499999,True
0.2,1.275,561,57,0.008102658685470273,1.2532741447139852e-13,2.5065482894279704e-14,0.292047649245964,0.28134521484375,0.05155175781249999,0.010310351562499999,True
0.2,1.275,561,58,0.3641031259245912,0.19310471608589083,0.03862094321717817,0.29495394866022345,0.28134521484375,0.05155175781249999,0.010310351562499999,True
0.2,1.275,561,59,0.5658401767481109,0.011418196214639928,0.0022836392429279855,0.2956014113888509,0.28134521484375,0.05155175781249999,0.010310351562499999,True
0.2,1.275,561,60,5.2086115645966816e-12,1.2304196865717631e-13,2.4608393731435265e-14,0.29964222807663293,0.28134521484375,0.05155175781249999,0.010310351562499999,True
0.2,1.275,561,61,0.5753616098758699,0.010741770982804977,0.0021483541965609957,0.30513515144578657,0.28134521484375,0.05155175781249999,0.010310351562499999,True
0.2,1.275,561,62,0.5850952524032622,0.010159677200112868,0.002031935440022574,0.31482900544119896,0.28134521484375,0.05155175781249999,0.010310351562499999,True
0.2,1.275,561,63,0.5949110527115916,0.009672595687778021,0.0019345191375556043,0.3245596887459016,0.28134521484375,0.05155175781249999,0.010310351562499999,True
0.2,1.275,561,64,0.6047536852075641,0.0092550600054861,0.0018510120010972202,0.3342889188779273,0.28134521484375,0.05155175781249999,0.010310351562499999,True
0.2,1.275,561,65,0.614597669740784,0.008887287246899358,0.0017774574493798715,0.34400323674272554,0.28134521484375,0.05155175781249999,0.010310351562499999,True
0.2,1.275,561,66,0.6244292024468764,0.008555951078974222,0.0017111902157948445,0.35369645197022964,0.28134521484375,0.05155175781249999,0.010310351562499999,True
0.2,1.275,561,67,0.634239467778642,0.008252070605503262,0.0016504141211006525,0.36336456266863804,0.28134521484375,0.05155175781249999,0.010310351562499999,True
0.2,1.275,561,68,0.6440219628444721,0.00796942865461288,0.0015938857309225761,0.37300415708097,0.28134521484375,0.05155175781249999,0.010310351562499999,True
0.2,1.275,561,69,0.6537713157991788,0.007703589194738782,0.0015407178389477564,0.3826118767594515,0.28134521484375,0.05155175781249999,0.010310351562499999,True
0.2,1.275,561,70,0.6634827162833625,0.00745129727725377,0.0014902594554507542,0.39218423283476495,0.28134521484375,0.05155175781249999,0.010310351562499999,True
0.2,1.275,561,71,0.6731516199749328,0.007210105401986756,0.0014420210803973512,0.4017175471096571,0.28134521484375,0.05155175781249999,0.010310351562499999,True
0.2,1.275,561,72,0.6827735857646835,0.00697813423455464,0.0013956268469109282,0.41120793846387255,0.28134521484375,0.05155175781249999,0.010310351562499999,True
0.2,1.275,561,73,0.6923441815036063,0.006753914871730502,0.0013507829743461004,0.4206513253563491,0.28134521484375,0.05155175781249999,0.010310351562499999,True
0.2,1.275,561,74,0.701858927323046,0.00653628203456448,0.001307256406912896,0.43004343341245843,0.28134521484375,0.05155175781249999,0.010310351562499999,True
0.2,1.275,561,75,0.7113132606507436,0.006324299938057563,0.0012648599876115127,0.43937980403999316,0.28134521484375,0.05155175781249999,0.010310351562499999,True
0.2,1.275,561,76,0.7207025143845186,0.006117209711912512,0.0012234419423825024,0.4486558027086856,0.28134521484375,0.05155175781249999,0.010310351562499999,True
0.2,1.275,561,77,0.7300219034583415,0.005914391373096002,0.0011828782746192005,0.4578666266154947,0.28134521484375,0.05155175781249999,0.010310351562499999,True
0.2,1.275,561,78,0.7392665170275008,0.00571533584347395,0.00114306716869479,0.4670073118371408,0.28134521484375,0.05155175781249999,0.010310351562499999,True
0.2,1.275,561,79,0.7484313146446543,0.005519624046567929,0.0011039248093135858,0.47607274022296103,0.28134521484375,0.05155175781249999,0.010310351562499999,True
0.2,1.275,561,80,0.75751112542834,0.005326911079326957,0.0010653822158653915,0.485057646290493,0.28134521484375,0.05155175781249999,0.010310351562499999,True
0.2,1.275,801,1,0.28407956433495585,0.004925505188569923,0.0009851010377139847,0.09329258492582483,0.28134521484375,0.05155175781249999,0.010310351562499999,True
0.2,1.275,801,2,0.27716956831613765,0.004864720212518564,0.0009729440425037128,0.09346739508177106,0.28134521484375,0.05155175781249999,0.010310351562499999,True
0.2,1.275,801,3,0.29099631853893926,0.004985501191248685,0.0009971002382497371,0.09363123851258306,0.28134521484375,0.05155175781249999,0.010310351562499999,True
0.2,1.275,801,4,0.270266320302585,0.00480319278529331,0.000960638557058662,0.09415123595931252,0.28134521484375,0.05155175781249999,0.010310351562499999,True
0.2,1.275,801,5,0.29791982219304775,0.005044661866392857,0.0010089323732785716,0.09447940252851439,0.28134521484375,0.05155175781249999,0.010310351562499999,True
0.2,1.275,801,6,0.2633697923784193,0.004740968007942913,0.0009481936015885826,0.09533161060903574,0.28134521484375,0.05155175781249999,0.010310351562499999,True
0.2,1.275,801,7,0.3048500465555815,0.005102942827740535,0.001020588565548107,0.09582508423035785,0.28134521484375,0.05155175781249999,0.010310351562499999,True
0.2,1.275,801,8,0.2564799401160091,0.004678088161168054,0.0009356176322336109,0.09698889376425951,0.28134521484375,0.05155175781249999,0.010310351562499999,True
0.2,1.275,801,9,0.3117869419164323,0.0051603036458120624,0.0010320607291624125,0.09764920289468472,0.28134521484375,0.05155175781249999,0.010310351562499999,True
0.2,1.275,801,10,0.24959670381179458,0.00461459148453159,0.000922918296906318,0.09909772088369984,0.28134521484375,0.05155175781249999,0.010310351562499999,True
0.2,1.275,801,11,0.3187304368080871,0.005216710033963783,0.0010433420067927565,0.09992698050016163,0.28134521484375,0.05155175781249999,0.010310351562499999,True
0.2,1.275,801,12,0.24272000970254215,0.004550511109885995,0.0009101022219771991,0.10162861427078655,0.28134521484375,0.05155175781249999,0.010310351562499999,True
0.2,1.275,801,13,0.3256804374314964,0.005272136195640282,0.0010544272391280565,0.10262955456350695,0.28134521484375,0.05155175781249999,0.010310351562499999,True
0.2,1.275,801,14,0.23584977113708544,0.004485874124492895,0.0008971748248985791,0.10454962949431401,0.28134521484375,0.05155175781249999,0.010310351562499999,True
0.2,1.275,801,15,0.332636827325275,0.005326567305290866,0.0010653134610581732,0.10572559983592447,0.28134521484375,0.05155175781249999,0.010310351562499999,True
0.2,1.275,801,16,0.2289858896895097,0.004420700730482362,0.0008841401460964724,0.10782784935850794,0.28134521484375,0.05155175781249999,0.010310351562499999,True
0.2,1.275,801,17,0.3395994673043223,0.005380002077898723,0.0010760004155797446,0.10918279186851208,0.28134521484375,0.05155175781249999,0.010310351562499999,True
0.2,1.275,801,18,0.2221282561925762,0.00435500347391462,0.000871000694782924,0.1114306181993169,0.28134521484375,0.05155175781249999,0.010310351562499999,True
0.2,1.275,801,19,0.3465681956688971,0.005432455383729022,0.0010864910767458043,0.11296901103304066,0.28134521484375,0.05155175781249999,0.010310351562499999,True
0.2,1.275,801,20,0.2152767517007398,0.004288786502323991,0.0008577573004647982,0.11532647419541352,0.28134521484375,0.05155175781249999,0.010310351562499999,True
0.2,1.275,801,21,0.35354282867298,0.005483960860525189,0.0010967921721050378,0.11705324902226392,0.28134521484375,0.05155175781249999,0.010310351562499999,True
0.2,1.275,801,22,0.20843124835076457,0.004222044822772254,0.0008444089645544509,0.11948578759208232,0.28134521484375,0.05155175781249999,0.010310351562499999,True
0.2,1.275,801,23,0.3605231612167837,0.005534573486314222,0.0011069146972628443,0.12140622803255037,0.28134521484375,0.05155175781249999,0.010310351562499999,True
0.2,1.275,801,24,0.201591610160672,0.00415476352268084,0.000830952704536168,0.12388114356422965,0.28134521484375,0.05155175781249999,0.010310351562499999,True
0.2,1.275,801,25,0.36750896770578395,0.005584372094430357,0.0011168744188860716,0.12600077184797254,0.28134521484375,0.05155175781249999,0.010310351562499999,True
0.2,1.275,801,26,0.1947576937151405,0.004086916904816249,0.0008173833809632499,0.12848752198079125,0.28134521484375,0.05155175781249999,0.010310351562499999,True
0.2,1.275,801,27,0.37450000300026925,0.005633461828218174,0.0011266923656436348,0.13081198026513635,0.28134521484375,0.05155175781249999,0.010310351562499999,True
0.2,1.275,801,28,0.18792934880223972,0.00401846751886104,0.0008036935037722079,0.13328232730877265,0.28134521484375,0.05155175781249999,0.010310351562499999,True
0.2,1.275,801,29,0.3814960033599167,0.005681976575136224,0.0011363953150272449,0.13581725870987227,0.28134521484375,0.05155175781249999,0.010310351562499999,True
0.2,1.275,801,30,0.1811064189426009,0.003949365000376896,0.0007898730000753793,0.13824531604893853,0.28134521484375,0.05155175781249999,0.010310351562499999,True
0.2,1.275,801,31,0.3884966872751568,0.005730081456668697,0.0011460162913337396,0.14099624867510738,0.28134521484375,0.05155175781249999,0.010310351562499999,True
0.2,1.275,801,32,0.17428874187442492,0.0038795447171373764,0.0007759089434274753,0.14335845984897608,0.28134521484375,0.05155175781249999,0.010310351562499999,True
0.2,1.275,801,33,0.3955017560615669,0.005777975502044897,0.0011555951004089795,0.1463306956548586,0.28134521484375,0.05155175781249999,0.010310351562499999,True
0.2,1.275,801,34,0.16747614994769344,0.00380892609229592,0.000761785218459184,0.148605773316373,0.28134521484375,0.05155175781249999,0.010310351562499999,True
0.2,1.275,801,35,0.4025108940906181,0.005825894693425967,0.0011651789386851934,0.15180428208483476,0.28134521484375,0.05155175781249999,0.010310351562499999,True
0.2,1.275,801,36,0.16066847047137017,0.0037374105818867437,0.0007474821163773488,0.15397312699518484,0.28134521484375,0.05155175781249999,0.010310351562499999,True
0.2,1.275,801,37,0.40952376851380007,0.005874115641785003,0.0011748231283570006,0.15740244470162915,0.28134521484375,0.05155175781249999,0.010310351562499999,True
0.2,1.275,801,38,0.1538655259877154,0.0036648791656570747,0.000732975833131415,0.1594480594330995,0.28134521484375,0.05155175781249999,0.010310351562499999,True
0.2,1.275,801,39,0.4165400283230539,0.005922960241363906,0.0011845920482727813,0.16311218919153353,0.28134521484375,0.05155175781249999,0.010310351562499999,True
0.2,1.275,801,40,0.14706713449668687,0.0035911892069889753,0.0007182378413977951,0.16501959709546032,0.28134521484375,0.05155175781249999,0.010310351562499999,True
0.2,1.275,801,41,0.42355930255910684,0.005972801765288099,0.00119456035305762,0.16892191001207008,0.28134521484375,0.05155175781249999,0.010310351562499999,True
0.2,1.275,801,42,0.14027310961266673,0.0035161705477955497,0.00070323410955911,0.17067808719865002,0.28134521484375,0.05155175781249999,0.010310351562499999,True
0.2,1.275,801,43,0.430581197418661,0.006024073021234989,0.001204814604246998,0.17482121960708966,0.28134521484375,0.05155175781249999,0.010310351562499999,True
0.2,1.275,801,44,0.13348326065120253,0.003439620553617979,0.0006879241107235959,0.17641504613866987,0.28134521484375,0.05155175781249999,0.010310351562499999,True
0.2,1.275,801,45,0.4376052919134214,0.0060772774076235415,0.0012154554815247084,0.1808007885994793,0.28134521484375,0.05155175781249999,0.010310351562499999,True
0.2,1.275,801,46,0.1266973926794158,0.0033612977683229947,0.000672259553664599,0.1822230244981386,0.28134521484375,0.05155175781249999,0.010310351562499999,True
0.2,1.275,801,47,0.44463113155076545,0.006133004047419072,0.0012266008094838146,0.18685219658634625,0.28134521484375,0.05155175781249999,0.010310351562499999,True
0.2,1.275,801,48,0.11991530642454011,0.003280913777153965,0.0006561827554307931,0.1880954886959634,0.28134521484375,0.05155175781249999,0.010310351562499999,True
0.2,1.275,801,49,0.45165821919196464,0.00619194867753089,0.001238389735506178,0.19296779158491262,0.28134521484375,0.05155175781249999,0.010310351562499999,True
0.2,1.275,801,50,0.11313679816035493,0.0031981225266040875,0.0006396245053208175,0.19402671884196881,0.28134521484375,0.05155175781249999,0.010310351562499999,True
0.2,1.275,801,51,0.45868600171701124,0.006254942775341394,0.0012509885550682789,0.19914055463131985,0.28134521484375,0.05155175781249999,0.010310351562499999,True
0.2,1.275,801,52,0.10636165938757366,0.003112506221695985,0.000622501244339197,0.20001172230345296,0.28134521484375,0.05155175781249999,0.010310351562499999,True
0.2,1.275,801,53,0.46571385014336913,0.006322994690061091,0.0012645989380122183,0.20536396406523397,0.28134521484375,0.05155175781249999,0.010310351562499999,True
0.2,1.275,801,54,0.09958967642500008,0.0030235563126763767,0.0006047112625352754,0.20604616256829347,0.28134521484375,0.05155175781249999,0.010310351562499999,True
0.2,1.275,801,55,0.47274102910701116,0.006397348637815854,0.0012794697275631708,0.2116318510743502,0.28134521484375,0.05155175781249999,0.010310351562499999,True
0.2,1.275,801,56,0.09282062971411742,0.002930647432171206,0.0005861294864342413,0.21212630364187407,0.28134521484375,0.05155175781249999,0.010310351562499999,True
0.2,1.275,801,57,0.47976664824494325,0.00647957100704836,0.0012959142014096722,0.21793823282454658,0.28134521484375,0.05155175781249999,0.010310351562499999,True
0.2,1.275,801,58,0.08605429282128131,0.002833000855000201,0.0005666001710000402,0.2182489709994567,0.28134521484375,0.05155175781249999,0.010310351562499999,True
0.2,1.275,801,59,0.48678958134436534,0.006571679581979389,0.0013143359163958778,0.22427709976128674,0.28134521484375,0.05155175781249999,0.010310351562499999,True
0.2,1.275,801,60,0.07929043100517938,0.0027296319418655002,0.0005459263883731,0.22441153172277895,0.28134521484375,0.05155175781249999,0.010310351562499999,True
0.2,1.275,801,61,0.07252879901095922,0.0026192722779718883,0.0005238544555943777,0.23061189926714581,0.28134521484375,0.05155175781249999,0.010310351562499999,True
0.2,1.275,801,62,0.493808324991729,0.006676342175202065,0.0013352684350404131,0.23064211429882708,0.28134521484375,0.05155175781249999,0.010310351562499999,True
0.2,1.275,801,63,0.06576913785541533,0.002500249995841443,0.0005000499991682886,0.23684857324043831,0.28134521484375,0.05155175781249999,0.010310351562499999,True
0.2,1.275,801,64,0.5008207368179913,0.006797190750066913,0.0013594381500133827,0.23702613745671375,0.28134521484375,0.05155175781249999,0.010310351562499999,True
0.2,1.275,801,65,0.05901116981274804,0.0023702976440848874,0.0004740595288169775,0.24312073477397445,0.28134521484375,0.05155175781249999,0.010310351562499999,True
0.2,1.275,801,66,0.5078235168317194,0.006939331282310715,0.001387866256462143,0.24342040932304757,0.28134521484375,0.05155175781249999,0.010310351562499999,True
0.2,1.275,801,67,0.05225459054488396,0.0022262261531327114,0.0004452452306265423,0.24942843950833107,0.28134521484375,0.05155175781249999,0.010310351562499999,True
0.2,1.275,801,68,0.5148110943817813,0.007110180456148336,0.0014220360912296673,0.24981299425800269,0.28134521484375,0.05155175781249999,0.010310351562499999,True
0.2,1.275,801,69,0.04549905619536974,0.002063330881693969,0.00041266617633879384,0.25577300121306756,0.28134521484375,0.05155175781249999,0.010310351562499999,True
0.2,1.275,801,70,0.521773006578998,0.0073207700641617895,0.001464154012832358,0.25618556584527236,0.28134521484375,0.05155175781249999,0.010310351562499999,True
0.2,1.275,801,71,0.03874416127669043,0.0018742008330111571,0.00037484016660223145,0.2621577957293064,0.28134521484375,0.05155175781249999,0.010310351562499999,True
0.2,1.275,801,72,0.5286870833430782,0.0075870881416644255,0.0015174176283328851,0.2625063211235145,0.28134521484375,0.05155175781249999,0.010310351562499999,True
0.2,1.275,801,73,0.03198939856085934,0.0016459798844267763,0.0003291959768853553,0.2685901520840468,0.28134521484375,0.05155175781249999,0.010310351562499999,True
0.2,1.275,801,74,0.5355008145485061,0.007925795488093298,0.0015851590976186597,0.2687154018961444,0.28134521484375,0.05155175781249999,0.010310351562499999,True
0.2,1.275,801,75,0.5420953307892945,0.008305623075527409,0.0016611246151054819,0.27472083219946836,0.28134521484375,0.05155175781249999,0.010310351562499999,True
0.2,1.275,801,76,0.02523408079640505,0.0013525314071658186,0.0002705062814331637,0.2750868268561639,0.28134521484375,0.05155175781249999,0.010310351562499999,True
0.2,1.275,801,77,0.5483768297999538,0.00848340967036752,0.0016966819340735039,0.28058049439133503,0.28134521484375,0.05155175781249999,0.010310351562499999,True
0.2,1.275,801,78,0.018477172749335365,0.0009200130342839549,0.000184002606856791,0.28169824612818695,0.28134521484375,0.05155175781249999,0.010310351562499999,True
0.2,1.275,801,79,0.554664645840273,0.008210639225546382,0.0016421278451092766,0.2867356301573569,0.28134521484375,0.05155175781249999,0.010310351562499999,True
0.2,1.275,801,80,0.011185956366690501,6.862181763211037e-14,1.3724363526422073e-14,0.289164935417628,0.28134521484375,0.05155175781249999,0.010310351562499999,True
0.2,1.3,561,1,0.766497361544398,0.00500183734569255,0.0010003674691385102,0.01113277323570164,0.7616080729166668,1e-06,2e-07,True
0.2,1.3,561,2,0.7575074975335041,0.005181224589096918,0.0010362449178193836,0.011142424585651766,0.7616080729166668,1e-06,2e-07,True
0.2,1.3,561,3,0.7753914565025086,0.004824196553497808,0.0009648393106995616,0.016823631089902893,0.7616080729166668,1e-06,2e-07,True
0.2,1.3,561,4,0.7484272733489573,0.005362495121827104,0.001072499024365421,0.016991644917712736,0.7616080729166668,1e-06,2e-07,True
0.2,1.3,561,5,0.7841842500810048,0.0046481952030227565,0.0009296390406045513,0.0244145339577795,0.7616080729166668,1e-06,2e-07,True
0.2,1.3,561,6,0.7392619678902997,0.005545819239770924,0.0011091638479541848,0.024946512611111814,0.7616080729166668,1e-06,2e-07,True
0.2,1.3,561,7,0.7928700944120914,0.004473753209893729,0.0008947506419787458,0.03251670452378059,0.7616080729166668,1e-06,2e-07,True
0.2,1.3,561,8,0.7300167249346539,0.0057314052590683165,0.0011462810518136632,0.033606003110356074,0.7616080729166668,1e-06,2e-07,True
0.2,1.3,561,9,0.8014432354091343,0.004300815082165656,0.0008601630164331312,0.04075283805779139,0.7616080729166668,1e-06,2e-07,True
0.2,1.3,561,10,0.7206965493826037,0.005919505283466619,0.0011839010566933239,0.04258952426407087,0.7616080729166668,1e-06,2e-07,True
0.2,1.3,561,11,0.8098978235422346,0.0041293480351578685,0.0008258696070315738,0.04899054036726985,0.7616080729166668,1e-06,2e-07,True
0.2,1.3,561,12,0.7113063049758599,0.0061104225395573,0.00122208450791146,0.051764544169133654,0.7616080729166668,1e-06,2e-07,True
0.2,1.3,561,13,0.8182279261179554,0.003959340456913797,0.0007918680913827595,0.05717063593512698,0.7616080729166668,1e-06,2e-07,True
0.2,1.3,561,14,0.7018507136103521,0.006304520780589799,0.00126090415611796,0.061072739321151294,0.7616080729166668,1e-06,2e-07,True
0.2,1.3,561,15,0.8264275411192559,0.003790800647680812,0.0007581601295361625,0.06526112023144491,0.7616080729166668,1e-06,2e-07,True
0.2,1.3,561,16,0.6923343564835973,0.0065022364477762004,0.0013004472895552402,0.07048341712664684,0.7616080729166668,1e-06,2e-07,True
0.2,1.3,561,17,0.8344906126632574,0.0036237557642355934,0.0007247511528471187,0.073241805256442,0.7616080729166668,1e-06,2e-07,True
0.2,1.3,561,18,0.6827616774621211,0.006704094557453892,0.0013408189114907784,0.07997799686638361,0.7616080729166668,1e-06,2e-07,True
0.2,1.3,561,19,0.8424110481330629,0.003458250925938394,0.0006916501851876788,0.08109828074429896,0.7616080729166668,1e-06,2e-07,True
0.2,1.3,561,20,0.8501827370450022,0.003294348413523057,0.0006588696827046115,0.08881923046581106,0.7616080729166668,1e-06,2e-07,True
0.2,1.3,561,21,0.6731369893020464,0.006910729700199272,0.0013821459400398545,0.08954390037330527,0.7616080729166668,1e-06,2e-07,True
0.2,1.3,561,22,0.8577995716878672,0.003132126945886982,0.0006264253891773964,0.09639512570485555,0.7616080729166668,1e-06,2e-07,True
0.2,1.3,561,23,0.6634644837619991,0.007122914167477666,0.0014245828334955332,0.09917182431414621,0.7616080729166668,1e-06,2e-07,True
0.2,1.3,561,24,0.8652554695909273,0.0029716809704952592,0.0005943361940990519,0.10381754485184744,0.7616080729166668,1e-06,2e-07,True
0.2,1.3,561,25,0.6537482473140295,0.007341596201346053,0.0014683192402692108,0.10885439536094164,0.7616080729166668,1e-06,2e-07,True
0.2,1.3,561,26,0.8725443978427225,0.0028131199417758064,0.0005626239883551613,0.11107880203876505,0.7616080729166668,1e-06,2e-07,True
0.2,1.3,561,27,0.8796603992945075,0.0026565675425659586,0.0005313135085131918,0.1181717390881286,0.7616080729166668,1e-06,2e-07,True
0.2,1.3,561,28,0.6439922853168665,0.007567952902958339,0.001513590580591668,0.1185854485072418,0.7616080729166668,1e-06,2e-07,True
0.2,1.3,561,29,0.8865976206347641,0.00250216081340138,0.000500432162680276,0.12508960892269394,0.7616080729166668,1e-06,2e-07,True
0.2,1.3,561,30,0.6342005596234971,0.0078034648538298805,0.001560692970765976,0.12835960530762866,0.7616080729166668,1e-06,2e-07,True
0.2,1.3,561,31,0.8933503423509905,0.0023500491403012787,0.00047000982806025575,0.13182601292294385,0.7616080729166668,1e-06,2e-07,True
0.2,1.3,561,32,0.624377048463439,0.008050023660836177,0.0016100047321672356,0.1381719986106201,0.7616080729166668,1e-06,2e-07,True
0.2,1.3,561,33,0.8999130105288954,0.0022003930541683674,0.0004400786108336735,0.13837487158855594,0.7616080729166668,1e-06,2e-07,True
0.2,1.3,561,34,0.9062802704473933,0.0020533627835784656,0.00041067255671569313,0.14473041667303815,0.7616080729166668,1e-06,2e-07,True
0.2,1.3,561,35,0.6145258450877332,0.008310090755729095,0.001662018151145819,0.14801805869511356,0.7616080729166668,1e-06,2e-07,True
0.2,1.3,561,36,0.9124470018897775,0.001909136488589124,0.00038182729771782484,0.15088719771137468,0.7616080729166668,1e-06,2e-07,True
0.2,1.3,561,37,0.9184083560649068,0.0017678980861618805,0.00035357961723237613,0.1568400985422917,0.7616080729166668,1e-06,2e-07,True
0.2,1.3,561,38,0.6046513273503111,0.008586938189777646,0.0017173876379555292,0.15789329725221532,0.7616080729166668,1e-06,2e-07,True
0.2,1.3,561,39,0.9241597940005066,0.0016298345435242089,0.0003259669087048418,0.162584360979767,0.7616080729166668,1e-06,2e-07,True
0.2,1.3,561,40,0.5947584647366728,0.008885024153474709,0.0017770048306949419,0.16779301323492463,0.7616080729166668,1e-06,2e-07,True
0.2,1.3,561,41,0.9296971262357532,0.0014951324645764439,0.0002990264929152888,0.16811561370971312,0.7616080729166668,1e-06,2e-07,True
0.2,1.3,561,42,0.9350165535967384,0.001363973717743275,0.000272794743548655,0.1734299050371412,0.7616080729166668,1e-06,2e-07,True
0.2,1.3,561,43,0.5848534097579173,0.009210594406434448,0.0018421188812868896,0.1777117820092047,0.7616080729166668,1e-06,2e-07,True
0.2,1.3,561,44,0.9401147088042607,0.0012365296929648193,0.0002473059385929639,0.1785237384506465,0.7616080729166668,1e-06,2e-07,True
0.2,1.3,561,45,0.9449886986028605,0.0011129535334327384,0.00022259070668654768,0.1833941101554299,0.7616080729166668,1e-06,2e-07,True
0.2,1.3,561,46,0.5749447245515933,0.009572661221643467,0.0019145322443286936,0.18764240570038648,0.7616080729166668,1e-06,2e-07,True
0.2,1.3,561,47,0.9496361460625988,0.0009933692013454536,0.00019867384026909073,0.1880385478498999,0.7616080729166668,1e-06,2e-07,True
0.2,1.3,561,48,0.9540552326463346,0.0008778552586826724,0.00017557105173653448,0.1924551500703346,0.7616080729166668,1e-06,2e-07,True
0.2,1.3,561,49,0.9582447395650515,0.0007664192982363728,0.00015328385964727458,0.19664262543354233,0.7616080729166668,1e-06,2e-07,True
0.2,1.3,561,50,0.5650461565419966,0.009984555883718762,0.0019969111767437525,0.19757346107515594,0.7616080729166668,1e-06,2e-07,True
0.2,1.3,561,51,0.9622040879065005,0.0006589543597891492,0.00013179087195782984,0.20060033112026474,0.7616080729166668,1e-06,2e-07,True
0.2,1.3,561,52,0.9659333769327715,0.000555157268561789,0.00011103145371235782,0.20432830988971357,0.7616080729166668,1e-06,2e-07,True
0.2,1.3,561,53,0.5551835573202867,0.010465888880398237,0.0020931777760796475,0.2074828576926694,0.7616080729166668,1e-06,2e-07,True
0.2,1.3,561,54,0.9694334198918801,0.0004543557947541682,9.087115895083365e-05,0.20782732489081981,0.7616080729166668,1e-06,2e-07,True
0.2,1.3,561,55,0.9727057766122134,0.0003550757511968806,7.101515023937611e-05,0.211098891479996,0.7616080729166668,1e-06,2e-07,True
0.2,1.3,561,56,0.9757527820820869,0.0002536265591474289,5.072531182948578e-05,0.21414530521180225,0.7616080729166668,1e-06,2e-07,True
0.2,1.3,561,57,0.9785775701470686,0.00013598935820667712,2.7197871641335424e-05,0.21696966519981695,0.7616080729166668,1e-06,2e-07,True
0.2,1.3,561,58,0.5454134939299284,0.011041035435558691,0.002208207087111738,0.21731917888885602,0.7616080729166668,1e-06,2e-07,True
0.2,1.3,561,59,0.9810658780016435,8.359844865266968e-13,1.6719689730533936e-13,0.21945780509409005,0.7616080729166668,1e-06,2e-07,True
0.2,1.3,561,60,0.9833888076361413,3.7166525943155066e-13,7.433305188631014e-14,0.2217807347284925,0.7616080729166668,1e-06,2e-07,True
0.2,1.3,561,61,0.9859817484214213,5.835807598365182e-13,1.1671615196730364e-13,0.22437367551366819,0.7616080729166668,1e-06,2e-07,True
0.2,1.3,561,62,0.987513467134291,2.7526662669046017e-13,5.5053325338092036e-14,0.22590539422647749,0.7616080729166668,1e-06,2e-07,True
0.2,1.3,561,63,0.5358674557736302,0.011704180043646472,0.0023408360087292944,0.22695084031713797,0.7616080729166668,1e-06,2e-07,True
0.2,1.3,561,64,0.9893011747152907,4.957278205307493e-13,9.914556410614987e-14,0.22769310180740765,0.7616080729166668,1e-06,2e-07,True
0.2,1.3,561,65,0.990910364227186,8.739395525900288e-13,1.7478791051800577e-13,0.22930229131924137,0.7616080729166668,1e-06,2e-07,True
0.2,1.3,561,66,0.9923475038458519,1.6730444095077945e-12,3.346088819015589e-13,0.2307394309378529,0.7616080729166668,1e-06,2e-07,True
0.2,1.3,561,67,0.9936204052057697,3.0474583128008933e-12,6.094916625601787e-13,0.23201233229772308,0.7616080729166668,1e-06,2e-07,True
0.2,1.3,561,68,0.9947378907725559,5.052025523270416e-12,1.0104051046540834e-12,0.233129817864468,0.7616080729166668,1e-06,2e-07,True
0.2,1.3,561,69,0.995709584550924,7.068772541232576e-12,1.4137545082465152e-12,0.23410151164280038,0.7616080729166668,1e-06,2e-07,True
0.2,1.3,561,70,0.9965457485192567,9.525290038417417e-12,1.9050580076834832e-12,0.23493767561110268,0.7616080729166668,1e-06,2e-07,True
0.2,1.3,561,71,0.9972571341504642,1.1276435598443717e-11,2.2552871196887437e-12,0.23564906124228446,0.7616080729166668,1e-06,2e-07,True
0.2,1.3,561,72,0.5267376725460198,0.012239829753926117,0.0024479659507852234,0.23614245866690378,0.7616080729166668,1e-06,2e-07,True
0.2,1.3,561,73,0.997854835617412,1.1537877532382763e-11,2.3075755064765528e-12,0.23624676270921072,0.7616080729166668,1e-06,2e-07,True
0.2,1.3,561,74,0.998350138876823,1.0463774095161279e-11,2.0927548190322557e-12,0.23674206596860406,0.7616080729166668,1e-06,2e-07,True
0.2,1.3,561,75,0.9987543647751794,8.426723569360514e-12,1.6853447138721029e-12,0.23714629186694614,0.7616080729166668,1e-06,2e-07,True
0.2,1.3,561,76,0.9990787067817514,5.955894307647816e-12,1.1911788615295632e-12,0.2374706338735066,0.7616080729166668,1e-06,2e-07,True
0.2,1.3,561,77,0.9993340658823311,3.6471409790513246e-12,7.29428195810265e-13,0.23772599297407732,0.7616080729166668,1e-06,2e-07,True
0.2,1.3,561,78,0.9995308865859753,2.010198655933729e-12,4.020397311867458e-13,0.23792281367771462,0.7616080729166668,1e-06,2e-07,True
0.2,1.3,561,79,0.9996789994529418,1.04608398706681e-12,2.09216797413362e-13,0.23807092654467588,0.7616080729166668,1e-06,2e-07,True
0.2,1.3,561,80,0.9997874767574868,6.303047774085976e-14,1.2606095548171952e-14,0.23817940384921707,0.7616080729166668,1e-06,2e-07,True
0.2,1.3,801,1,0.7629133113939838,0.003188224668513286,0.0006376449337026572,0.006506708217907678,0.7616080729166668,1e-06,2e-07,True
0.2,1.3,801,2,0.7566026369049221,0.003273324622203708,0.0006546649244407416,0.008239346054147296,0.7616080729166668,1e-06,2e-07,True
0.2,1.3,801,3,0.7691780388988592,0.0031037985631623068,0.0006207597126324614,0.009788453435849729,0.7616080729166668,1e-06,2e-07,True
0.2,1.3,801,4,0.7502478556431889,0.0033591291463691162,0.0006718258292738232,0.013197070203473231,0.7616080729166668,1e-06,2e-07,True
0.2,1.3,801,5,0.7753949484154481,0.0030200203595531273,0.0006040040719106255,0.015051108654995551,0.7616080729166668,1e-06,2e-07,True
0.2,1.3,801,6,0.7438507758811385,0.0034456741584878475,0.0006891348316975695,0.01904690836436712,0.7616080729166668,1e-06,2e-07,True
0.2,1.3,801,7,0.7815621394085817,0.0029368685310906615,0.0005873737062181323,0.020800049655978092,0.7616080729166668,1e-06,2e-07,True
0.2,1.3,801,8,0.7374131729714526,0.0035330012580944334,0.0007066002516188867,0.02520502558831567,0.7616080729166668,1e-06,2e-07,True
0.2,1.3,801,9,0.7876776832584494,0.0028543256589526425,0.0005708651317905285,0.02668689664679152,0.7616080729166668,1e-06,2e-07,True
0.2,1.3,801,10,0.7309367884901804,0.003621158295833827,0.0007242316591667654,0.03151428045692942,0.7616080729166668,1e-06,2e-07,True
0.2,1.3,801,11,0.7937396248366148,0.0027723781625918187,0.0005544756325183638,0.03260611562981209,0.7616080729166668,1e-06,2e-07,True
0.2,1.3,801,12,0.7244233295260805,0.0037102000454330097,0.0007420400090866019,0.03791751311639402,0.7616080729166668,1e-06,2e-07,True
0.2,1.3,801,13,0.7997459842468878,0.0026910160607251277,0.0005382032121450255,0.03851551669469902,0.7616080729166668,1e-06,2e-07,True
0.2,1.3,801,14,0.7178744680957074,0.003800188987653372,0.0007600377975306745,0.04438877716823774,0.7616080729166668,1e-06,2e-07,True
0.2,1.3,801,15,0.8056947587465282,0.00261023276968816,0.0005220465539376321,0.04439446192991375,0.7616080729166668,1e-06,2e-07,True
0.2,1.3,801,16,0.8115839248224707,0.0025300249164430955,0.0005060049832886191,0.05023116205925165,0.7616080729166668,1e-06,2e-07,True
0.2,1.3,801,17,0.7112918407037259,0.003891196251357252,0.0007782392502714504,0.050914219345904614,0.7616080729166668,1e-06,2e-07,True
0.2,1.3,801,18,0.8174114404532837,0.0024503921761506973,0.0004900784352301395,0.05601797851187697,0.7616080729166668,1e-06,2e-07,True
0.2,1.3,801,19,0.7046770480404974,0.003983302722212738,0.0007966605444425476,0.0574854462741344,0.7616080729166668,1e-06,2e-07,True
0.2,1.3,801,20,0.8231752475523881,0.002371337122858318,0.00047426742457166364,0.06174942092788736,0.7616080729166668,1e-06,2e-07,True
0.2,1.3,801,21,0.698031654818332,0.004076600376404527,0.0008153200752809054,0.06409682528742643,0.7616080729166668,1e-06,2e-07,True
0.2,1.3,801,22,0.8288732745986965,0.002292865093527307,0.0004585730187054614,0.06742119799997516,0.7616080729166668,1e-06,2e-07,True
0.2,1.3,801,23,0.6913571897720898,0.00417119387788885,0.0008342387755777701,0.07074424817969113,0.7616080729166668,1e-06,2e-07,True
0.2,1.3,801,24,0.834503439460343,0.0022149840604360166,0.00044299681208720334,0.07302972932454543,0.7616080729166668,1e-06,2e-07,True
0.2,1.3,801,25,0.68465514581576,0.004267202512095506,0.0008534405024191012,0.07742451113758682,0.7616080729166668,1e-06,2e-07,True
0.2,1.3,801,26,0.8400636524198286,0.0021377045088428427,0.0004275409017685686,0.07857187779230802,0.7616080729166668,1e-06,2e-07,True
0.2,1.3,801,27,0.8455518193964803,0.0020610393187831966,0.00041220786375663934,0.0840447953239636,0.7616080729166668,1e-06,2e-07,True
0.2,1.3,801,28,0.6779269804063194,0.004364762539445067,0.0008729525078890135,0.084134980464299,0.7616080729166668,1e-06,2e-07,True
0.2,1.3,801,29,0.8509658453841731,0.001985003644496415,0.000397000728899283,0.08944583043496286,0.7616080729166668,1e-06,2e-07,True
0.2,1.3,801,30,0.6711741161135844,0.004464030072624068,0.0008928060145248136,0.09087340145927389,0.7616080729166668,1e-06,2e-07,True
0.2,1.3,801,31,0.856303638093559,0.0019096147933871264,0.0003819229586774253,0.09477247124502555,0.7616080729166668,1e-06,2e-07,True
0.2,1.3,801,32,0.6643979414752248,0.0045651846379263375,0.0009130369275852676,0.09763778357018739,0.7616080729166668,1e-06,2e-07,True
0.2,1.3,801,33,0.8615631118130251,0.001834892095408828,0.0003669784190817656,0.10002230971959669,0.7616080729166668,1e-06,2e-07,True
0.2,1.3,801,34,0.6575998121796401,0.004668433593054009,0.0009336867186108019,0.10442632832252406,0.7616080729166668,1e-06,2e-07,True
0.2,1.3,801,35,0.8667421914839322,0.0017608567649729462,0.00035217135299458926,0.10519301911366886,0.7616080729166668,1e-06,2e-07,True
0.2,1.3,801,36,0.871838817002041,0.0016875317470675705,0.00033750634941351413,0.11028233992326578,0.7616080729166668,1e-06,2e-07,True
0.2,1.3,801,37,0.650781052690337,0.004774017682216103,0.0009548035364432207,0.11123738222120426,0.7616080729166668,1e-06,2e-07,True
0.2,1.3,801,38,0.8768509477275829,0.001614941546082485,0.000322988309216497,0.11528807147290289,0.7616080729166668,1e-06,2e-07,True
0.2,1.3,801,39,0.6439429584526791,0.004882218076710414,0.0009764436153420829,0.1180694046799294,0.7616080729166668,1e-06,2e-07,True
0.2,1.3,801,40,0.8817765672285444,0.0015431120291131211,0.00030862240582262424,0.1202080673799604,0.7616080729166668,1e-06,2e-07,True
0.2,1.3,801,41,0.6370867988961243,0.004993365395889012,0.0009986730791778024,0.12492094513204463,0.7616080729166668,1e-06,2e-07,True
0.2,1.3,801,42,0.8866136882354109,0.0014720701986092079,0.0002944140397218416,0.12504023373032688,0.7616080729166668,1e-06,2e-07,True
0.2,1.3,801,43,0.8913603578216442,0.001401843937290697,0.0002803687874581394,0.12978252922874103,0.7616080729166668,1e-06,2e-07,True
0.2,1.3,801,44,0.6302138215634234,0.005107851409734389,0.0010215702819468778,0.1317906256680031,0.7616080729166668,1e-06,2e-07,True
0.2,1.3,801,45,0.8960146627898175,0.001332461667116295,0.000266492333423259,0.1344329667976324,0.7616080729166668,1e-06,2e-07,True
0.2,1.3,801,46,0.6233252578622558,0.0052261444178343715,0.0010452288835668744,0.13867712672290747,0.7616080729166668,1e-06,2e-07,True
0.2,1.3,801,47,0.9005747352736393,0.0012639520093397014,0.00025279040186794026,0.13898961629470163,0.7616080729166668,1e-06,2e-07,True
0.2,1.3,801,48,0.9050387585498897,0.0011963433014433023,0.00023926866028866047,0.14345060809787333,0.7616080729166668,1e-06,2e-07,True
0.2,1.3,801,49,0.6164223312454383,0.00534880975002525,0.00106976195000505,0.14557917385778277,0.7616080729166668,1e-06,2e-07,True
0.2,1.3,801,50,0.9094049730377625,0.0011296630470303448,0.000225932609406069,0.14781413737021254,0.7616080729166668,1e-06,2e-07,True
0.2,1.3,801,51,0.91367168249174,0.001063937218397203,0.0002127874436794406,0.15207846888735213,0.7616080729166668,1e-06,2e-07,True
0.2,1.3,801,52,0.6095062690654348,0.005476537570999748,0.0010953075141999498,0.15249552380828874,0.7616080729166668,1e-06,2e-07,True
0.2,1.3,801,53,0.9178372603734045,0.0009991893795664745,0.00019983787591329493,0.15624194232517216,0.7616080729166668,1e-06,2e-07,True
0.2,1.3,801,54,0.6025783202740432,0.005610181214350049,0.0011220362428700098,0.15942494748675848,0.7616080729166668,1e-06,2e-07,True
0.2,1.3,801,55,0.9219001563787045,0.0009354395525439867,0.00018708791050879735,0.160302977919034,0.7616080729166668,1e-06,2e-07,True
0.2,1.3,801,56,0.9258589031233571,0.0008727027498740244,0.0001745405499748049,0.16426008244952134,0.7616080729166668,1e-06,2e-07,True
0.2,1.3,801,57,0.595639782556496,0.005750811211319946,0.0011501622422639892,0.16636620666752383,0.7616080729166668,1e-06,2e-07,True
0.2,1.3,801,58,0.929712122954341,0.0008109869976701772,0.00016219739953403546,0.16811185548560956,0.7616080729166668,1e-06,2e-07,True
0.2,1.3,801,59,0.9334585348716163,0.0007502906392994348,0.00015005812785988696,0.17185699584241004,0.7616080729166668,1e-06,2e-07,True
0.2,1.3,801,60,0.5886920454416845,0.005899793025183985,0.001179958605036797,0.17331801866610597,0.7616080729166668,1e-06,2e-07,True
0.2,1.3,801,61,0.937096961542375,0.0006905985268218781,0.00013811970536437563,0.17549430821425235,0.7616080729166668,1e-06,2e-07,True
0.2,1.3,801,62,0.9406263363700736,0.0006318764922252224,0.00012637529844504447,0.179022709929403,0.7616080729166668,1e-06,2e-07,True
0.2,1.3,801,63,0.5817366614723214,0.006058901869138659,0.0012117803738277318,0.18027899865265903,0.7616080729166668,1e-06,2e-07,True
0.2,1.3,801,64,0.9440457106081457,0.0005740629813183625,0.0001148125962636725,0.18244123780321586,0.7616080729166668,1e-06,2e-07,True
0.2,1.3,801,65,0.9473542604686013,0.0005170558449155522,0.00010341116898311045,0.18574905503021735,0.7616080729166668,1e-06,2e-07,True
0.2,1.3,801,66,0.5747754691167922,0.0062304967558584065,0.0012460993511716814,0.18724755902805754,0.7616080729166668,1e-06,2e-07,True
0.2,1.3,801,67,0.9505512942027403,0.0004606903165051484,9.213806330102969e-05,0.18894545808435437,0.7616080729166668,1e-06,2e-07,True
0.2,1.3,801,68,0.9536362591109107,0.00040469976707592964,8.093995341518593e-05,0.19202988357820497,0.7616080729166668,1e-06,2e-07,True
0.2,1.3,801,69,0.5678108165582374,0.006417792093150465,0.001283558418630093,0.19422172240797803,0.7616080729166668,1e-06,2e-07,True
0.2,1.3,801,70,0.9566087484411688,0.00034863946939918183,6.972789387983637e-05,0.19500191503627567,0.7616080729166668,1e-06,2e-07,True
0.2,1.3,801,71,0.9594685081312924,0.0002917200608260305,5.83440121652061e-05,0.19786128953369359,0.7616080729166668,1e-06,2e-07,True
0.2,1.3,801,72,0.9622154433446579,0.00023237510017957,4.647502003591401e-05,0.20060790415081153,0.7616080729166668,1e-06,2e-07,True
0.2,1.3,801,73,0.5608459954198465,0.006625292616858982,0.0013250585233717965,0.20119874942835594,0.7616080729166668,1e-06,2e-07,True
0.2,1.3,801,74,0.9648496247482293,0.00016675745393170282,3.335149078634056e-05,0.20324182220457448,0.7616080729166668,1e-06,2e-07,True
0.2,1.3,801,75,0.9673712944739978,7.810944347941666e-05,1.5621888695883334e-05,0.20576327935060815,0.7616080729166668,1e-06,2e-07,True
0.2,1.3,801,76,0.5538861460257377,0.006859500189348354,0.0013719000378696708,0.20817433802145172,0.7616080729166668,1e-06,2e-07,True
0.2,1.3,801,77,0.9698883163802461,2.0499849081262694e-13,4.099969816252539e-14,0.20828024347318178,0.7616080729166668,1e-06,2e-07,True
0.2,1.3,801,78,0.9722387707401754,5.2021173724250025e-15,1.0404234744850005e-15,0.21063069783300392,0.7616080729166668,1e-06,2e-07,True
0.2,1.3,801,79,0.974456830292095,2.0808430694457722e-14,4.161686138891545e-15,0.21284875738482453,0.7616080729166668,1e-06,2e-07,True
0.2,1.3,801,80,0.9765541618359944,6.924426605887186e-14,1.3848853211774373e-14,0.21494608892863232,0.7616080729166668,1e-06,2e-07,True
